[18:06:37] [ServerMain/INFO]: [bootstrap] Running Java 24 (OpenJDK 64-Bit Server VM 24.0.2+12; Azul Systems, Inc. Zulu24.32+13-CA) on Linux 6.8.0-1052-azure (amd64)
[18:06:37] [ServerMain/INFO]: [bootstrap] Loading Paper 1.21.11-132-ver/1.21.11@c5eb079 (2026-05-11T11:43:09Z) for Minecraft 1.21.11
[18:06:37] [ServerMain/INFO]: [PluginInitializerManager] Initializing plugins...
[18:06:50] [Paper Plugin Remapper Thread - 2/INFO]: [PluginRemapper] Remapping plugin 'plugins/EconomyShopGUI-7.0.3.jar'...
[18:06:53] [Paper Plugin Remapper Thread - 2/INFO]: [PluginRemapper] Done remapping plugin 'plugins/EconomyShopGUI-7.0.3.jar' in 3079ms.
[18:06:56] [ServerMain/INFO]: [PluginInitializerManager] Initialized 48 plugins
[18:06:56] [ServerMain/INFO]: [PluginInitializerManager] Paper plugins (2):
 - EconomyShopGUI (7.0.3), PerWorldPlugins (1.6.1)
[18:06:56] [ServerMain/INFO]: [PluginInitializerManager] Bukkit plugins (46):
 - AdvancedPortals (2.8.0), Apollo-Folia (1.2.6), AuthMe (5.6.0-bCUSTOM), AutoReplant (2.4), BedWars (0.2.43), BlockSigningPlugin (3.0), Citizens (2.0.42-SNAPSHOT (build 4186)), ClearLag (3.2.2), CombatLog (1.17), CommandNPC (1.9.1), ConsoleSpamFixReborn (1.12.0), DecentHolograms (2.9.10), Duels (7.2), Essentials (2.22.0-dev+112-5baf239), EssentialsAntiBuild (2.22.0-dev+112-5baf239), EssentialsChat (2.22.0-dev+112-5baf239), EssentialsProtect (2.22.0-dev+112-5baf239), EssentialsSpawn (2.22.0-dev+112-5baf239), HoloMobHealth (2026.1.1.0), JobSystem (1.0.6), KPCore (4.0.5), KitPvP (2.2.5), LagFixer (1.6.0 [build 143]), LuckPerms (5.5.38), Multiverse-Core (2.5.0-b727), MyCommand (5.6.7), MythicMobs (5.12.0-SNAPSHOT-local), Oneblock (1.1.0), PlaceholderAPI (2.12.2), ProtocolLib (5.4.1-SNAPSHOT), ServerListPlus (3.5.0), SkinsRestorer (15.12.0), Skywars (5.6.40-nightly.37+c1816bc), TAB (5.5.0), THE-PIT (BUILD-15), UnsafeEnchants (1.0.3), Vault (1.7.3-b131), VeinMiner (2.4.0), ViaBackwards (5.9.1), ViaRewind (4.1.1), ViaVersion (5.9.1), VoidGen (2.2.1), WorldEdit (7.3.19+7378-cb4171a), WorldGuard (7.0.16+2355-f7fded2), ajLeaderboards (2.8.0), craftableinvframes (2.3.3)
[18:07:05] [ServerMain/INFO]: Environment: Environment[sessionHost=https://sessionserver.mojang.com, servicesHost=https://api.minecraftservices.com, profilesHost=https://api.mojang.com, name=PROD]
[18:07:08] [ServerMain/INFO]: Loaded 1470 recipes
[18:07:08] [ServerMain/INFO]: Loaded 1584 advancements
[18:07:09] [ServerMain/INFO]: [ca.spottedleaf.dataconverter.minecraft.datatypes.MCTypeRegistry] Initialising converters for DataConverter...
[18:07:09] [ServerMain/INFO]: [ca.spottedleaf.dataconverter.minecraft.datatypes.MCTypeRegistry] Finished initialising converters for DataConverter in 679.3ms
[18:07:09] [Server thread/INFO]: Starting minecraft server version 1.21.11
[18:07:09] [Server thread/WARN]: ****************************
[18:07:09] [Server thread/WARN]: YOU ARE RUNNING THIS SERVER AS AN ADMINISTRATIVE OR ROOT USER. THIS IS NOT ADVISED.
[18:07:09] [Server thread/WARN]: YOU ARE OPENING YOURSELF UP TO POTENTIAL RISKS WHEN DOING THIS.
[18:07:09] [Server thread/WARN]: FOR MORE INFORMATION, SEE https://madelinemiller.dev/blog/root-minecraft-server/
[18:07:09] [Server thread/WARN]: ****************************
[18:07:09] [Server thread/INFO]: Loading properties
[18:07:09] [Server thread/INFO]: This server is running Paper version 1.21.11-132-ver/1.21.11@c5eb079 (2026-05-11T11:43:09Z) (Implementing API version 1.21.11-R0.1-SNAPSHOT)
[18:07:10] [Server thread/INFO]: [spark] This server bundles the spark profiler. For more information please visit https://docs.papermc.io/paper/profiling
[18:07:10] [Server thread/INFO]: Server Ping Player Sample Count: 12
[18:07:10] [Server thread/INFO]: Using 4 threads for Netty based IO
[18:07:11] [Server thread/INFO]: [MoonriseCommon] Paper is using 1 worker threads, 1 I/O threads
[18:07:12] [Server thread/INFO]: Default game type: SURVIVAL
[18:07:12] [Server thread/INFO]: Generating keypair
[18:07:12] [Server thread/INFO]: Starting Minecraft server on *:25565
[18:07:13] [Server thread/INFO]: Paper: Using libdeflate (Linux x86_64) compression from Velocity.
[18:07:13] [Server thread/INFO]: Paper: Using OpenSSL 1.1.x (Linux x86_64) cipher from Velocity.
[18:07:14] [Server thread/WARN]: [org.bukkit.craftbukkit.legacy.CraftLegacy] Initializing Legacy Material Support. Unless you have legacy plugins and/or data this is a bug!
[18:07:29] [Server thread/WARN]: Legacy plugin Multiverse-Core v2.5.0-b727 does not specify an api-version.
[18:07:29] [Server thread/INFO]: [SpigotLibraryLoader] [Citizens] Loading 4 libraries... please wait
[18:07:31] [Server thread/INFO]: [SpigotLibraryLoader] [Citizens] Loaded library /workspaces/Eaglercraft-1.12-Server-Hosting/server/libraries/ch/ethz/globis/phtree/phtree/2.8.2/phtree-2.8.2.jar
[18:07:31] [Server thread/INFO]: [SpigotLibraryLoader] [Citizens] Loaded library /workspaces/Eaglercraft-1.12-Server-Hosting/server/libraries/org/joml/joml/1.10.8/joml-1.10.8.jar
[18:07:31] [Server thread/INFO]: [SpigotLibraryLoader] [Citizens] Loaded library /workspaces/Eaglercraft-1.12-Server-Hosting/server/libraries/it/unimi/dsi/fastutil/8.5.16/fastutil-8.5.16.jar
[18:07:31] [Server thread/INFO]: [SpigotLibraryLoader] [Citizens] Loaded library /workspaces/Eaglercraft-1.12-Server-Hosting/server/libraries/team/unnamed/mocha/3.0.0/mocha-3.0.0.jar
[18:07:31] [Server thread/INFO]: [SpigotLibraryLoader] [Citizens] Loaded library /workspaces/Eaglercraft-1.12-Server-Hosting/server/libraries/org/javassist/javassist/3.30.2-GA/javassist-3.30.2-GA.jar
[18:07:31] [Server thread/INFO]: [SpigotLibraryLoader] [Citizens] Loaded library /workspaces/Eaglercraft-1.12-Server-Hosting/server/libraries/org/jetbrains/annotations/24.0.1/annotations-24.0.1.jar
[18:07:31] [Server thread/INFO]: [SpigotLibraryLoader] [MythicMobs] Loading 4 libraries... please wait
[18:07:31] [Server thread/INFO]: [SpigotLibraryLoader] [MythicMobs] Loaded library /workspaces/Eaglercraft-1.12-Server-Hosting/server/libraries/net/kyori/adventure-api/4.16.0/adventure-api-4.16.0.jar
[18:07:31] [Server thread/INFO]: [SpigotLibraryLoader] [MythicMobs] Loaded library /workspaces/Eaglercraft-1.12-Server-Hosting/server/libraries/net/kyori/adventure-key/4.16.0/adventure-key-4.16.0.jar
[18:07:31] [Server thread/INFO]: [SpigotLibraryLoader] [MythicMobs] Loaded library /workspaces/Eaglercraft-1.12-Server-Hosting/server/libraries/net/kyori/examination-api/1.3.0/examination-api-1.3.0.jar
[18:07:31] [Server thread/INFO]: [SpigotLibraryLoader] [MythicMobs] Loaded library /workspaces/Eaglercraft-1.12-Server-Hosting/server/libraries/net/kyori/examination-string/1.3.0/examination-string-1.3.0.jar
[18:07:31] [Server thread/INFO]: [SpigotLibraryLoader] [MythicMobs] Loaded library /workspaces/Eaglercraft-1.12-Server-Hosting/server/libraries/org/jetbrains/annotations/24.1.0/annotations-24.1.0.jar
[18:07:31] [Server thread/INFO]: [SpigotLibraryLoader] [MythicMobs] Loaded library /workspaces/Eaglercraft-1.12-Server-Hosting/server/libraries/net/kyori/adventure-platform-bukkit/4.3.2/adventure-platform-bukkit-4.3.2.jar
[18:07:31] [Server thread/INFO]: [SpigotLibraryLoader] [MythicMobs] Loaded library /workspaces/Eaglercraft-1.12-Server-Hosting/server/libraries/net/kyori/adventure-platform-api/4.3.2/adventure-platform-api-4.3.2.jar
[18:07:31] [Server thread/INFO]: [SpigotLibraryLoader] [MythicMobs] Loaded library /workspaces/Eaglercraft-1.12-Server-Hosting/server/libraries/net/kyori/adventure-text-serializer-bungeecord/4.3.2/adventure-text-serializer-bungeecord-4.3.2.jar
[18:07:31] [Server thread/INFO]: [SpigotLibraryLoader] [MythicMobs] Loaded library /workspaces/Eaglercraft-1.12-Server-Hosting/server/libraries/net/kyori/adventure-text-serializer-legacy/4.13.1/adventure-text-serializer-legacy-4.13.1.jar
[18:07:31] [Server thread/INFO]: [SpigotLibraryLoader] [MythicMobs] Loaded library /workspaces/Eaglercraft-1.12-Server-Hosting/server/libraries/net/kyori/adventure-nbt/4.13.1/adventure-nbt-4.13.1.jar
[18:07:31] [Server thread/INFO]: [SpigotLibraryLoader] [MythicMobs] Loaded library /workspaces/Eaglercraft-1.12-Server-Hosting/server/libraries/net/kyori/adventure-text-serializer-gson-legacy-impl/4.13.1/adventure-text-serializer-gson-legacy-impl-4.13.1.jar
[18:07:31] [Server thread/INFO]: [SpigotLibraryLoader] [MythicMobs] Loaded library /workspaces/Eaglercraft-1.12-Server-Hosting/server/libraries/net/kyori/adventure-platform-facet/4.3.2/adventure-platform-facet-4.3.2.jar
[18:07:31] [Server thread/INFO]: [SpigotLibraryLoader] [MythicMobs] Loaded library /workspaces/Eaglercraft-1.12-Server-Hosting/server/libraries/net/kyori/adventure-platform-viaversion/4.3.2/adventure-platform-viaversion-4.3.2.jar
[18:07:31] [Server thread/INFO]: [SpigotLibraryLoader] [MythicMobs] Loaded library /workspaces/Eaglercraft-1.12-Server-Hosting/server/libraries/net/kyori/adventure-text-minimessage/4.16.0/adventure-text-minimessage-4.16.0.jar
[18:07:31] [Server thread/INFO]: [SpigotLibraryLoader] [MythicMobs] Loaded library /workspaces/Eaglercraft-1.12-Server-Hosting/server/libraries/net/kyori/adventure-text-serializer-gson/4.16.0/adventure-text-serializer-gson-4.16.0.jar
[18:07:31] [Server thread/INFO]: [SpigotLibraryLoader] [MythicMobs] Loaded library /workspaces/Eaglercraft-1.12-Server-Hosting/server/libraries/net/kyori/adventure-text-serializer-json/4.16.0/adventure-text-serializer-json-4.16.0.jar
[18:07:31] [Server thread/INFO]: [SpigotLibraryLoader] [MythicMobs] Loaded library /workspaces/Eaglercraft-1.12-Server-Hosting/server/libraries/net/kyori/option/1.0.0/option-1.0.0.jar
[18:07:31] [Server thread/INFO]: [SpigotLibraryLoader] [MythicMobs] Loaded library /workspaces/Eaglercraft-1.12-Server-Hosting/server/libraries/com/google/code/gson/gson/2.8.0/gson-2.8.0.jar
[18:07:32] [Server thread/INFO]: [BedWars] Loaded NMS modules for 1.21.11 in namespaces [mojang]
[18:07:33] [Server thread/WARN]: Legacy plugin CommandNPC v1.9.1 does not specify an api-version.
[18:07:33] [Server thread/INFO]: [SpigotLibraryLoader] [LagFixer] Loading 1 libraries... please wait
[18:07:33] [Server thread/INFO]: [SpigotLibraryLoader] [LagFixer] Loaded library /workspaces/Eaglercraft-1.12-Server-Hosting/server/libraries/com/github/oshi/oshi-core/7.2.0/oshi-core-7.2.0.jar
[18:07:33] [Server thread/INFO]: [SpigotLibraryLoader] [LagFixer] Loaded library /workspaces/Eaglercraft-1.12-Server-Hosting/server/libraries/com/github/oshi/oshi-common/7.2.0/oshi-common-7.2.0.jar
[18:07:33] [Server thread/INFO]: [SpigotLibraryLoader] [LagFixer] Loaded library /workspaces/Eaglercraft-1.12-Server-Hosting/server/libraries/net/java/dev/jna/jna-jpms/5.18.1/jna-jpms-5.18.1.jar
[18:07:33] [Server thread/INFO]: [SpigotLibraryLoader] [LagFixer] Loaded library /workspaces/Eaglercraft-1.12-Server-Hosting/server/libraries/net/java/dev/jna/jna-platform-jpms/5.18.1/jna-platform-jpms-5.18.1.jar
[18:07:33] [Server thread/INFO]: [SpigotLibraryLoader] [LagFixer] Loaded library /workspaces/Eaglercraft-1.12-Server-Hosting/server/libraries/org/slf4j/slf4j-api/2.0.18/slf4j-api-2.0.18.jar
[18:07:33] [Server thread/INFO]: [ViaVersion] Loading server plugin ViaVersion v5.9.1
[18:07:33] [Server thread/INFO]: [ViaVersion] ViaVersion 5.9.1 is now loaded. Registering protocol transformers and injecting...
[18:07:35] [Via-Mappingloader-1/INFO]: [ViaVersion] Loading block connection mappings ...
[18:07:36] [Server thread/INFO]: [ViaBackwards] Loading translations...
[18:07:36] [Server thread/INFO]: [ViaBackwards] Registering protocols...
[18:07:37] [Server thread/INFO]: [ViaRewind] Registering protocols...
[18:07:37] [Server thread/INFO]: [LuckPerms] Loading server plugin LuckPerms v5.5.38
[18:07:38] [Server thread/INFO]: [LuckPerms] Loading configuration...
[18:07:39] [Server thread/INFO]: [Vault] Loading server plugin Vault v1.7.3-b131
[18:07:39] [Server thread/INFO]: [WorldEdit] Loading server plugin WorldEdit v7.3.19+7378-cb4171a
[18:07:40] [Server thread/INFO]: Got request to register class com.sk89q.worldedit.bukkit.BukkitServerInterface with WorldEdit [com.sk89q.worldedit.extension.platform.PlatformManager@59551afe]
[18:07:40] [Server thread/INFO]: [WorldGuard] Loading server plugin WorldGuard v7.0.16+2355-f7fded2
[18:07:40] [Server thread/INFO]: [PlaceholderAPI] Loading server plugin PlaceholderAPI v2.12.2
[18:07:40] [Server thread/INFO]: [Oneblock] Loading server plugin Oneblock v1.1.0
[18:07:40] [Server thread/INFO]: [Essentials] Loading server plugin Essentials v2.22.0-dev+112-5baf239
[18:07:40] [Server thread/INFO]: [ViaBackwards] Loading server plugin ViaBackwards v5.9.1
[18:07:40] [Server thread/INFO]: [ProtocolLib] Loading server plugin ProtocolLib v5.4.1-SNAPSHOT
[18:07:41] [Server thread/INFO]: [Multiverse-Core] Loading server plugin Multiverse-Core v2.5.0-b727
[18:07:41] [Server thread/INFO]: [EssentialsChat] Loading server plugin EssentialsChat v2.22.0-dev+112-5baf239
[18:07:41] [Server thread/INFO]: [EssentialsSpawn] Loading server plugin EssentialsSpawn v2.22.0-dev+112-5baf239
[18:07:41] [Server thread/INFO]: [KPCore] Loading server plugin KPCore v4.0.5
[18:07:41] [Server thread/INFO]: [ViaRewind] Loading server plugin ViaRewind v4.1.1
[18:07:41] [Server thread/INFO]: [Citizens] Loading server plugin Citizens v2.0.42-SNAPSHOT (build 4186)
[18:07:41] [Server thread/INFO]: [SkinsRestorer] Loading server plugin SkinsRestorer v15.12.0
[18:07:41] [Server thread/INFO]: [MythicMobs] Loading server plugin MythicMobs v5.12.0-SNAPSHOT-local
[18:07:41] [Server thread/INFO]: [LumineUtils] (io.lumine.mythic.bukkit.utils.) is bound to plugin MythicMobs - io.lumine.mythic.bukkit.MythicBukkit
[18:07:41] [Server thread/INFO]: [MythicMobs] §x§f§f§0§0§0§0M§x§f§f§6§6§0§0y§x§f§f§c§c§0§0t§x§c§b§f§f§0§0h§x§6§5§f§f§0§0i§x§0§0§f§f§0§0c§x§0§0§f§f§6§6 §x§0§0§f§f§c§bE§x§0§0§c§b§f§fn§x§0§0§6§5§f§fa§x§0§0§0§0§f§fb§x§6§6§0§0§f§fl§x§c§c§0§0§f§fe§x§f§f§0§0§c§cd§x§f§f§0§0§6§6!
[18:07:41] [Server thread/INFO]: [DecentHolograms] Loading server plugin DecentHolograms v2.9.10
[18:07:41] [Server thread/INFO]: [AutoReplant] Loading server plugin AutoReplant v2.4
[18:07:41] [Server thread/INFO]: [ServerListPlus] Loading server plugin ServerListPlus v3.5.0
[18:07:41] [Server thread/INFO]: [VeinMiner] Loading server plugin VeinMiner v2.4.0
[18:07:41] [Server thread/INFO]: [VeinMiner] Found WorldGuard. Registering custom region flag.
[18:07:41] [Server thread/INFO]: [Duels] Loading server plugin Duels v7.2
[18:07:41] [Server thread/INFO]: [EconomyShopGUI] Loading server plugin EconomyShopGUI v7.0.3
[18:07:41] [Server thread/INFO]: [BlockSigningPlugin] Loading server plugin BlockSigningPlugin v3.0
[18:07:41] [Server thread/INFO]: [KitPvP] Loading server plugin KitPvP v2.2.5
[18:07:41] [Server thread/INFO]: [AuthMe] Loading server plugin AuthMe v5.6.0-bCUSTOM
[18:07:41] [Server thread/INFO]: [THE-PIT] Loading server plugin THE-PIT vBUILD-15
[18:07:41] [Server thread/INFO]: [VoidGen] Loading server plugin VoidGen v2.2.1
[18:07:41] [Server thread/INFO]: [TAB] Loading server plugin TAB v5.5.0
[18:07:41] [Server thread/INFO]: [UnsafeEnchants] Loading server plugin UnsafeEnchants v1.0.3
[18:07:41] [Server thread/INFO]: [BedWars] Loading server plugin BedWars v0.2.43
[18:07:41] [Server thread/INFO]: [craftableinvframes] Loading server plugin craftableinvframes v2.3.3
[18:07:41] [Server thread/INFO]: [ConsoleSpamFixReborn] Loading server plugin ConsoleSpamFixReborn v1.12.0
[18:07:41] [Server thread/INFO]: [CombatLog] Loading server plugin CombatLog v1.17
[18:07:41] [Server thread/INFO]: [CombatLog] WorldGuard detected: custom flag 'allow-combat-entry' registered.
[18:07:41] [Server thread/INFO]: [ajLeaderboards] Loading server plugin ajLeaderboards v2.8.0
[18:07:41] [Server thread/INFO]: [ajLeaderboards] Verifying checksum for gson
[18:07:41] [Server thread/INFO]: [ajLeaderboards] Checksum matched for gson
[18:07:41] [Server thread/INFO]: [ajLeaderboards] Verifying checksum for jar-relocator
[18:07:41] [Server thread/INFO]: [ajLeaderboards] Checksum matched for jar-relocator
[18:07:41] [Server thread/INFO]: [ajLeaderboards] Verifying checksum for asm
[18:07:41] [Server thread/INFO]: [ajLeaderboards] Checksum matched for asm
[18:07:41] [Server thread/INFO]: [ajLeaderboards] Verifying checksum for asm-commons
[18:07:41] [Server thread/INFO]: [ajLeaderboards] Checksum matched for asm-commons
[18:07:41] [Server thread/INFO]: [ajLeaderboards] Verifying checksum for gson
[18:07:41] [Server thread/INFO]: [ajLeaderboards] Checksum matched for gson
[18:07:41] [Server thread/INFO]: [ajLeaderboards] Verifying checksum for HikariCP
[18:07:41] [Server thread/INFO]: [ajLeaderboards] Checksum matched for HikariCP
[18:07:42] [Server thread/INFO]: [ajLeaderboards] Verifying checksum for slf4j-api
[18:07:42] [Server thread/INFO]: [ajLeaderboards] Checksum matched for slf4j-api
[18:07:42] [Server thread/INFO]: [ajLeaderboards] Verifying checksum for h2
[18:07:42] [Server thread/INFO]: [ajLeaderboards] Checksum matched for h2
[18:07:42] [Server thread/INFO]: [JobSystem] Loading server plugin JobSystem v1.0.6
[18:07:42] [Server thread/INFO]: [MyCommand] Loading server plugin MyCommand v5.6.7
[18:07:42] [Server thread/INFO]: [EssentialsAntiBuild] Loading server plugin EssentialsAntiBuild v2.22.0-dev+112-5baf239
[18:07:42] [Server thread/INFO]: [HoloMobHealth] Loading server plugin HoloMobHealth v2026.1.1.0
[18:07:42] [Server thread/INFO]: [HoloMobHealth] Registering WorldGuard State Flags...
[18:07:42] [Server thread/INFO]: [ClearLag] Loading server plugin ClearLag v3.2.2
[18:07:42] [Server thread/INFO]: [Apollo-Folia] Loading server plugin Apollo-Folia v1.2.6
[18:07:42] [Server thread/INFO]: [AdvancedPortals] Loading server plugin AdvancedPortals v2.8.0
[18:07:42] [Server thread/INFO]: [PerWorldPlugins] Loading server plugin PerWorldPlugins v1.6.1
[18:07:42] [Server thread/INFO]: [Skywars] Loading server plugin Skywars v5.6.40-nightly.37+c1816bc
[18:07:42] [Server thread/INFO]: [CommandNPC] Loading server plugin CommandNPC v1.9.1
[18:07:42] [Server thread/INFO]: [[38;5;11m⚡[0m] Loading server plugin LagFixer v1.6.0 [build 143]
[18:07:42] [Server thread/INFO]: [EssentialsProtect] Loading server plugin EssentialsProtect v2.22.0-dev+112-5baf239
[18:07:42] [Server thread/INFO]: Server permissions file permissions.yml is empty, ignoring it
[18:07:42] [Server thread/INFO]: [LuckPerms] Enabling LuckPerms v5.5.38
[18:07:43] [Server thread/INFO]:         __    
[18:07:43] [Server thread/INFO]:   |    |__)   LuckPerms v5.5.38
[18:07:43] [Server thread/INFO]:   |___ |      Running on Bukkit - Paper
[18:07:43] [Server thread/INFO]: 
[18:07:43] [Server thread/INFO]: [LuckPerms] Loading storage provider... [YAML]
[18:07:44] [Server thread/INFO]: [LuckPerms] Loading internal permission managers...
[18:07:44] [Server thread/INFO]: [LuckPerms] Performing initial data load...
[18:07:45] [Server thread/INFO]: [LuckPerms] Successfully enabled. (took 3701ms)
[18:07:45] [Server thread/INFO]: [Vault] Enabling Vault v1.7.3-b131
[18:07:46] [Server thread/INFO]: [Vault] [Economy] Essentials Economy found: Waiting
[18:07:46] [Server thread/INFO]: [Vault] [Permission] SuperPermissions loaded as backup permission system.
[18:07:46] [Server thread/INFO]: [Vault] Enabled Version 1.7.3-b131
[18:07:46] [Server thread/INFO]: [LuckPerms] Registered Vault permission & chat hook.
[18:07:46] [Server thread/INFO]: [WorldEdit] Enabling WorldEdit v7.3.19+7378-cb4171a
[18:07:46] [Server thread/INFO]: Registering commands with com.sk89q.worldedit.bukkit.BukkitServerInterface
[18:07:47] [Server thread/INFO]: WEPIF: Using the Bukkit Permissions API.
[18:07:48] [Server thread/INFO]: Using com.sk89q.worldedit.bukkit.adapter.impl.v1_21_11.PaperweightAdapter as the Bukkit adapter
[18:07:49] [Server thread/INFO]: [ProtocolLib] Enabling ProtocolLib v5.4.1-SNAPSHOT
[18:07:49] [Server thread/INFO]: [ViaRewind] Enabling ViaRewind v4.1.1
[18:07:49] [Server thread/INFO]: [SkinsRestorer] Enabling SkinsRestorer v15.12.0
[18:07:50] [Server thread/INFO]: [SkinsRestorer] -------------------------/Warning\-------------------------
[18:07:50] [Server thread/INFO]: [SkinsRestorer] This plugin is running in PROXY mode!
[18:07:50] [Server thread/INFO]: [SkinsRestorer] You have to put the same config.yml on all servers and on the proxy.
[18:07:50] [Server thread/INFO]: [SkinsRestorer] (<proxy>/plugins/SkinsRestorer/)
[18:07:50] [Server thread/INFO]: [SkinsRestorer] -------------------------\Warning/-------------------------
[18:07:51] [Server thread/INFO]: [SkinsRestorer] Running on Minecraft 1.21.11.
[18:07:51] [Server thread/WARN]: [SkinsRestorer] Proxy mode API is enabled (server.proxyMode.api), but database storage is not set up. Configure MySQL or PostgreSQL on all servers and on the proxy and use the same settings.
[18:07:52] [Server thread/INFO]: [PlaceholderAPI] Successfully registered internal expansion: skinsrestorer [15.12.0]
[18:07:52] [Server thread/INFO]: [SkinsRestorer] PlaceholderAPI expansion registered!
[18:07:52] [Server thread/INFO]: [VoidGen] Enabling VoidGen v2.2.1
[18:07:52] [Server thread/INFO]: [VoidGen] Using VoidChunkGen: VERSION_UNKNOWN
[18:07:52] [Server thread/INFO]: [ConsoleSpamFixReborn] Enabling ConsoleSpamFixReborn v1.12.0
[18:07:52] [Server thread/INFO]: [ConsoleSpamFixReborn] Initializing ConsoleSpamFixReborn
[18:07:52] [Server thread/INFO]: [ConsoleSpamFixReborn] Server version detected: 1.21.11
[18:07:52] [Server thread/INFO]: [ConsoleSpamFixReborn] Config version is up to date (2)
[18:07:52] [Server thread/INFO]: [ConsoleSpamFixReborn] Loading the config file...
[18:07:52] [Server thread/INFO]: [ConsoleSpamFixReborn] Config file loaded!
[18:07:52] [Server thread/INFO]: [ConsoleSpamFixReborn] Attempting to register command executor for 'csf'
[18:07:52] [Server thread/INFO]: [ConsoleSpamFixReborn] Command 'csf' found. Setting executor...
[18:07:52] [Server thread/INFO]: [ConsoleSpamFixReborn] Command executor for 'csf' set successfully.
[18:07:52] [Server thread/INFO]: [ConsoleSpamFixReborn] ConsoleSpamFixReborn loaded successfully!
[18:07:52] [Server thread/INFO]: [PerWorldPlugins] Enabling PerWorldPlugins v1.6.1
[18:07:52] [Folia Async Scheduler Thread #0/INFO]: [SkinsRestorer] ----------------------------------------------
[18:07:52] [Folia Async Scheduler Thread #0/INFO]: [SkinsRestorer]     +==================+
[18:07:52] [Folia Async Scheduler Thread #0/INFO]: [SkinsRestorer]     |   SkinsRestorer  |
[18:07:52] [Folia Async Scheduler Thread #0/INFO]: [SkinsRestorer]     |------------------|
[18:07:52] [Folia Async Scheduler Thread #0/INFO]: [SkinsRestorer]     |    Proxy Mode    |
[18:07:52] [Folia Async Scheduler Thread #0/INFO]: [SkinsRestorer]     +==================+
[18:07:52] [Folia Async Scheduler Thread #0/INFO]: [SkinsRestorer] ----------------------------------------------
[18:07:52] [Folia Async Scheduler Thread #0/INFO]: [SkinsRestorer]     Version: 15.12.0
[18:07:52] [Folia Async Scheduler Thread #0/INFO]: [SkinsRestorer]     Commit: 2903414
[18:07:52] [Folia Async Scheduler Thread #0/INFO]: [SkinsRestorer]     This is the latest version!
[18:07:52] [Folia Async Scheduler Thread #0/INFO]: [SkinsRestorer] ----------------------------------------------
[18:07:52] [Folia Async Scheduler Thread #0/INFO]: [SkinsRestorer] Do you have issues? Read our troubleshooting guide: https://skinsrestorer.net/docs/troubleshooting
[18:07:52] [Folia Async Scheduler Thread #0/INFO]: [SkinsRestorer] Want to support SkinsRestorer or receive priority support? Become a supporter: https://skinsrestorer.net/pricing
[18:07:52] [Server thread/INFO]: [PerWorldPlugins] <---------------------------------------->
[18:07:52] [Server thread/INFO]: [PerWorldPlugins] PerWorldPlugins 1.6.1 has been enabled.
[18:07:52] [Server thread/INFO]: [PerWorldPlugins] <---------------------------------------->
[18:07:52] [Server thread/WARN]: **** SERVER IS RUNNING IN OFFLINE/INSECURE MODE!
[18:07:52] [Server thread/WARN]: The server will make no attempt to authenticate usernames. Beware.
[18:07:52] [Server thread/WARN]: Whilst this makes it possible to use BungeeCord, unless access to your server is properly restricted, it also opens up the ability for hackers to connect with any username they choose.
[18:07:52] [Server thread/WARN]: Please see http://www.spigotmc.org/wiki/firewall-guide/ for further information.
[18:07:52] [Server thread/WARN]: To change this, set "online-mode" to "true" in the server.properties file.
[18:07:52] [Server thread/INFO]: Preparing level "world"
[18:07:54] [Server thread/INFO]: Loading 0 persistent chunks for world 'minecraft:overworld'...
[18:07:54] [Server thread/INFO]: Preparing spawn area: 100%
[18:07:54] [Server thread/INFO]: Prepared spawn area in 7 ms
[18:07:54] [Server thread/INFO]: Loading 0 persistent chunks for world 'minecraft:the_nether'...
[18:07:54] [Server thread/INFO]: Prepared spawn area in 6 ms
[18:07:54] [Server thread/INFO]: Loading 0 persistent chunks for world 'minecraft:the_end'...
[18:07:54] [Server thread/INFO]: Prepared spawn area in 0 ms
[18:07:54] [Server thread/INFO]: Done preparing level "world" (2.089s)
[18:07:54] [Server thread/INFO]: [ViaVersion] Enabling ViaVersion v5.9.1
[18:07:54] [Server thread/INFO]: [ViaVersion] ViaVersion detected server version: 1.21.11 (774)
[18:07:54] [Server thread/INFO]: [WorldGuard] Enabling WorldGuard v7.0.16+2355-f7fded2
[18:07:55] [Server thread/INFO]: [WorldGuard] (world) TNT ignition is PERMITTED.
[18:07:55] [Server thread/INFO]: [WorldGuard] (world) Lighters are PERMITTED.
[18:07:55] [Server thread/INFO]: [WorldGuard] (world) Lava fire is blocked.
[18:07:55] [Server thread/INFO]: [WorldGuard] (world) Fire spread is UNRESTRICTED.
[18:07:55] [Server thread/INFO]: [WorldGuard] Loaded configuration for world 'world'
[18:07:55] [Server thread/INFO]: [WorldGuard] (world_nether) TNT ignition is PERMITTED.
[18:07:55] [Server thread/INFO]: [WorldGuard] (world_nether) Lighters are PERMITTED.
[18:07:55] [Server thread/INFO]: [WorldGuard] (world_nether) Lava fire is blocked.
[18:07:55] [Server thread/INFO]: [WorldGuard] (world_nether) Fire spread is UNRESTRICTED.
[18:07:55] [Server thread/INFO]: [WorldGuard] Loaded configuration for world 'world_nether'
[18:07:55] [Server thread/INFO]: [WorldGuard] (world_the_end) TNT ignition is PERMITTED.
[18:07:55] [Server thread/INFO]: [WorldGuard] (world_the_end) Lighters are PERMITTED.
[18:07:55] [Server thread/INFO]: [WorldGuard] (world_the_end) Lava fire is blocked.
[18:07:55] [Server thread/INFO]: [WorldGuard] (world_the_end) Fire spread is UNRESTRICTED.
[18:07:55] [Server thread/INFO]: [WorldGuard] Loaded configuration for world 'world_the_end'
[18:07:55] [Server thread/INFO]: [WorldGuard] Loading region data...
[18:07:56] [Server thread/INFO]: [PlaceholderAPI] Enabling PlaceholderAPI v2.12.2
[18:07:56] [Server thread/INFO]: [PlaceholderAPI] Fetching available expansion information...
[18:07:56] [Server thread/INFO]: [Oneblock] Enabling Oneblock v1.1.0
[18:07:56] [Server thread/INFO]: [Oneblock] 
┏━┓····┏━━┓·····┏┓
┃┃┣━┳┳━┫┏┓┣┓┏━┳━┫┣┓
┃┃┃┃┃┃┻┫┏┓┃┗┫╋┃━┫━┫
┗━┻┻━┻━┻━━┻━┻━┻━┻┻┛ by MrMarL
[18:07:56] [Server thread/INFO]: [Oneblock] PlaceholderAPI has been found!
[18:07:56] [Server thread/INFO]: [PlaceholderAPI] Successfully registered internal expansion: OB [1.0.6]
[18:07:56] [Server thread/INFO]: [Essentials] Enabling Essentials v2.22.0-dev+112-5baf239
[18:07:57] [Server thread/INFO]: [Essentials] Attempting to convert old kits in config.yml to new kits.yml
[18:07:57] [Server thread/INFO]: [Essentials] No kits found to migrate.
[18:07:57] [Server thread/INFO]: [Essentials] Selected Paper Container Provider as the provider for ContainerProvider
[18:07:57] [Server thread/INFO]: [Essentials] Selected 1.21+ InventoryView Interface ABI Provider as the provider for InventoryViewProvider
[18:07:57] [Server thread/INFO]: [Essentials] Selected 1.14.4+ Persistent Data Container Provider as the provider for PersistentDataProvider
[18:07:57] [Server thread/INFO]: [Essentials] Selected Paper 1.13+ Tile Entity Provider as the provider for TileEntityProvider
[18:07:57] [Server thread/INFO]: [Essentials] Selected 1.11+ Item Unbreakable Provider as the provider for ItemUnbreakableProvider
[18:07:57] [Server thread/INFO]: [Essentials] Selected Reflection Formatted Command Alias Provider as the provider for FormattedCommandAliasProvider
[18:07:57] [Server thread/INFO]: [Essentials] Selected 1.12.2+ Player Locale Provider as the provider for PlayerLocaleProvider
[18:07:57] [Server thread/INFO]: [Essentials] Selected Paper Serialization Provider as the provider for SerializationProvider
[18:07:57] [Server thread/INFO]: [Essentials] Selected 1.8.3+ Spawner Item Provider as the provider for SpawnerItemProvider
[18:07:57] [Server thread/INFO]: [Essentials] Selected 1.17.1+ World Info Provider as the provider for WorldInfoProvider
[18:07:57] [Server thread/INFO]: [Essentials] Selected 1.21.4+ Sync Commands Provider as the provider for SyncCommandsProvider
[18:07:58] [Server thread/INFO]: [Essentials] Selected Paper Material Tag Provider as the provider for MaterialTagProvider
[18:07:58] [Server thread/INFO]: [Essentials] Selected 1.12+ Spawner Block Provider as the provider for SpawnerBlockProvider
[18:07:58] [Server thread/INFO]: [Essentials] Selected 1.13+ Spawn Egg Provider as the provider for SpawnEggProvider
[18:07:58] [Server thread/INFO]: [Essentials] Selected Paper Server State Provider as the provider for ServerStateProvider
[18:07:58] [Server thread/INFO]: [Essentials] Selected Paper Known Commands Provider as the provider for KnownCommandsProvider
[18:07:58] [Server thread/INFO]: [Essentials] Selected 1.20.4+ Damage Event Provider as the provider for DamageEventProvider
[18:07:58] [Server thread/INFO]: [Essentials] Selected 1.14+ Sign Data Provider as the provider for SignDataProvider
[18:07:58] [Server thread/INFO]: [Essentials] Selected Paper Biome Key Provider as the provider for BiomeKeyProvider
[18:07:58] [Server thread/INFO]: [Essentials] Selected Legacy Biome Name Provider as the provider for BiomeNameProvider
[18:07:58] [Server thread/INFO]: [Essentials] Selected 1.20.5+ Banner Data Provider as the provider for BannerDataProvider
[18:07:58] [Server thread/INFO]: [Essentials] Selected Paper Tick Count Provider as the provider for TickCountProvider
[18:07:58] [Server thread/INFO]: [Essentials] Selected Reflection Online Mode Provider as the provider for OnlineModeProvider
[18:07:58] [Server thread/INFO]: [Essentials] Selected 1.20.6+ Potion Meta Provider as the provider for PotionMetaProvider
[18:07:58] [Server thread/INFO]: [Essentials] Loaded 46312 items from items.json.
[18:07:58] [Server thread/INFO]: [Essentials] Using locale en
[18:07:59] [Server thread/INFO]: [Essentials] ServerListPingEvent: Spigot iterator API
[18:07:59] [Server thread/INFO]: [Essentials] Starting Metrics. Opt-out using the global bStats config.
[18:07:59] [Server thread/INFO]: [Vault] [Economy] Essentials Economy hooked.
[18:07:59] [Server thread/INFO]: [Essentials] Using Vault based permissions (LuckPerms)
[18:07:59] [Server thread/INFO]: [ViaBackwards] Enabling ViaBackwards v5.9.1
[18:07:59] [Server thread/INFO]: [Multiverse-Core] Enabling Multiverse-Core v2.5.0-b727*
[18:07:59] [Server thread/WARN]: [Multiverse-Core] "Multiverse-Core v2.5.0-b727" has registered a listener for org.bukkit.event.entity.EntityCreatePortalEvent on method "public void com.onarandombox.MultiverseCore.listeners.MVPortalListener.entityPortalCreate(org.bukkit.event.entity.EntityCreatePortalEvent)", but the event is Deprecated. "Server performance will be affected"; please notify the authors [Rigby, fernferret, lithium3141, main--, dumptruckman].
[18:07:59] [Server thread/INFO]: [VoidGen] {"caves":false,"decoration":false,"mobs":true,"structures":false,"noise":false,"surface":false,"bedrock":false}
[18:07:59] [Server thread/INFO]: Loading 0 persistent chunks for world 'minecraft:bedwars'...
[18:07:59] [Server thread/INFO]: Prepared spawn area in 0 ms
[18:07:59] [Server thread/INFO]: [WorldGuard] (Bedwars) TNT ignition is PERMITTED.
[18:07:59] [Server thread/INFO]: [WorldGuard] (Bedwars) Lighters are PERMITTED.
[18:07:59] [Server thread/INFO]: [WorldGuard] (Bedwars) Lava fire is blocked.
[18:07:59] [Server thread/INFO]: [WorldGuard] (Bedwars) Fire spread is UNRESTRICTED.
[18:07:59] [Server thread/INFO]: [WorldGuard] Loaded configuration for world 'Bedwars'
[18:07:59] [Server thread/INFO]: [VoidGen] {"caves":false,"decoration":false,"mobs":true,"structures":false,"noise":false,"surface":false,"bedrock":false}
[18:07:59] [Server thread/INFO]: [VoidGen] {"caves":false,"decoration":false,"mobs":false,"structures":false,"noise":false,"surface":false,"bedrock":false}
[18:08:00] [Server thread/INFO]: Loading 0 persistent chunks for world 'minecraft:hub'...
[18:08:00] [Server thread/INFO]: Preparing spawn area: 100%
[18:08:00] [Server thread/INFO]: Prepared spawn area in 1 ms
[18:08:00] [Server thread/INFO]: [WorldGuard] (hub) TNT ignition is PERMITTED.
[18:08:00] [Server thread/INFO]: [WorldGuard] (hub) Lighters are PERMITTED.
[18:08:00] [Server thread/INFO]: [WorldGuard] (hub) Lava fire is blocked.
[18:08:00] [Server thread/INFO]: [WorldGuard] (hub) Fire spread is UNRESTRICTED.
[18:08:00] [Server thread/INFO]: [WorldGuard] Loaded configuration for world 'hub'
[18:08:00] [Server thread/INFO]: [VoidGen] {"caves":false,"decoration":false,"mobs":false,"structures":false,"noise":false,"surface":false,"bedrock":false}
[18:08:00] [Server thread/INFO]: Loading 0 persistent chunks for world 'minecraft:kp'...
[18:08:00] [Server thread/INFO]: Preparing spawn area: 100%
[18:08:00] [Server thread/INFO]: Prepared spawn area in 6 ms
[18:08:00] [Server thread/INFO]: [WorldGuard] (KP) TNT ignition is PERMITTED.
[18:08:00] [Server thread/INFO]: [WorldGuard] (KP) Lighters are PERMITTED.
[18:08:00] [Server thread/INFO]: [WorldGuard] (KP) Lava fire is blocked.
[18:08:00] [Server thread/INFO]: [WorldGuard] (KP) Fire spread is UNRESTRICTED.
[18:08:00] [Server thread/INFO]: [WorldGuard] Loaded configuration for world 'KP'
[18:08:00] [Server thread/INFO]: [VoidGen] {"caves":false,"decoration":false,"mobs":true,"structures":false,"noise":false,"surface":false,"bedrock":false}
[18:08:00] [Server thread/INFO]: Loading 0 persistent chunks for world 'minecraft:oneblock'...
[18:08:00] [Server thread/INFO]: Preparing spawn area: 100%
[18:08:00] [Server thread/INFO]: Prepared spawn area in 4 ms
[18:08:00] [Server thread/INFO]: [WorldGuard] (oneblock) TNT ignition is PERMITTED.
[18:08:00] [Server thread/INFO]: [WorldGuard] (oneblock) Lighters are PERMITTED.
[18:08:00] [Server thread/INFO]: [WorldGuard] (oneblock) Lava fire is blocked.
[18:08:00] [Server thread/INFO]: [WorldGuard] (oneblock) Fire spread is UNRESTRICTED.
[18:08:00] [Server thread/INFO]: [WorldGuard] Loaded configuration for world 'oneblock'
[18:08:00] [Server thread/INFO]: [VoidGen] {"caves":false,"decoration":false,"mobs":true,"structures":false,"noise":false,"surface":false,"bedrock":false}
[18:08:00] [Server thread/INFO]: Loading 0 persistent chunks for world 'minecraft:survival'...
[18:08:00] [Server thread/INFO]: Preparing spawn area: 100%
[18:08:00] [Server thread/INFO]: Prepared spawn area in 8 ms
[18:08:00] [Server thread/INFO]: [WorldGuard] (survival) TNT ignition is PERMITTED.
[18:08:00] [Server thread/INFO]: [WorldGuard] (survival) Lighters are PERMITTED.
[18:08:00] [Server thread/INFO]: [WorldGuard] (survival) Lava fire is blocked.
[18:08:00] [Server thread/INFO]: [WorldGuard] (survival) Fire spread is UNRESTRICTED.
[18:08:00] [Server thread/INFO]: [WorldGuard] Loaded configuration for world 'survival'
[18:08:00] [Server thread/INFO]: [VoidGen] {"caves":false,"decoration":false,"mobs":true,"structures":false,"noise":false,"surface":false,"bedrock":false}
[18:08:01] [Server thread/INFO]: Loading 0 persistent chunks for world 'minecraft:pit'...
[18:08:01] [Server thread/INFO]: Preparing spawn area: 100%
[18:08:01] [Server thread/INFO]: Prepared spawn area in 3 ms
[18:08:01] [Server thread/INFO]: [WorldGuard] (PIT) TNT ignition is PERMITTED.
[18:08:01] [Server thread/INFO]: [WorldGuard] (PIT) Lighters are PERMITTED.
[18:08:01] [Server thread/INFO]: [WorldGuard] (PIT) Lava fire is blocked.
[18:08:01] [Server thread/INFO]: [WorldGuard] (PIT) Fire spread is UNRESTRICTED.
[18:08:01] [Server thread/INFO]: [WorldGuard] Loaded configuration for world 'PIT'
[18:08:01] [Server thread/INFO]: [VoidGen] {"caves":false,"decoration":false,"mobs":true,"structures":false,"noise":false,"surface":false,"bedrock":false}
[18:08:01] [Server thread/INFO]: [VoidGen] {"caves":false,"decoration":false,"mobs":false,"structures":false,"noise":false,"surface":false,"bedrock":false}
[18:08:01] [Server thread/INFO]: Loading 0 persistent chunks for world 'minecraft:obspawn'...
[18:08:01] [Server thread/INFO]: Preparing spawn area: 100%
[18:08:01] [Server thread/INFO]: Prepared spawn area in 2 ms
[18:08:01] [Server thread/INFO]: [WorldGuard] (OBSPAWN) TNT ignition is PERMITTED.
[18:08:01] [Server thread/INFO]: [WorldGuard] (OBSPAWN) Lighters are PERMITTED.
[18:08:01] [Server thread/INFO]: [WorldGuard] (OBSPAWN) Lava fire is blocked.
[18:08:01] [Server thread/INFO]: [WorldGuard] (OBSPAWN) Fire spread is UNRESTRICTED.
[18:08:01] [Server thread/INFO]: [WorldGuard] Loaded configuration for world 'OBSPAWN'
[18:08:01] [Server thread/INFO]: [VoidGen] {"caves":false,"decoration":false,"mobs":false,"structures":false,"noise":false,"surface":false,"bedrock":false}
[18:08:01] [Server thread/INFO]: [VoidGen] Generator settings have not been set. Using default values:
[18:08:01] [Server thread/INFO]: [VoidGen] {"caves":false,"decoration":false,"mobs":false,"structures":false,"noise":false,"surface":false,"bedrock":false}
[18:08:01] [Server thread/INFO]: Loading 0 persistent chunks for world 'minecraft:other'...
[18:08:01] [Server thread/INFO]: Prepared spawn area in 1 ms
[18:08:01] [Server thread/INFO]: [WorldGuard] (Other) TNT ignition is PERMITTED.
[18:08:01] [Server thread/INFO]: [WorldGuard] (Other) Lighters are PERMITTED.
[18:08:01] [Server thread/INFO]: [WorldGuard] (Other) Lava fire is blocked.
[18:08:01] [Server thread/INFO]: [WorldGuard] (Other) Fire spread is UNRESTRICTED.
[18:08:01] [Server thread/INFO]: [WorldGuard] Loaded configuration for world 'Other'
[18:08:01] [Server thread/INFO]: [VoidGen] Generator settings have not been set. Using default values:
[18:08:01] [Server thread/INFO]: [VoidGen] {"caves":false,"decoration":false,"mobs":false,"structures":false,"noise":false,"surface":false,"bedrock":false}
[18:08:01] [Server thread/INFO]: [VoidGen] {"caves":false,"decoration":false,"mobs":true,"structures":false,"noise":false,"surface":false,"bedrock":false}
[18:08:01] [Server thread/WARN]: [Multiverse-Core] WorldManager: Can't load this world because the folder was deleted/moved: voidworld
[18:08:01] [Server thread/WARN]: [Multiverse-Core] Use '/mv remove' to remove it from the config!
[18:08:02] [Server thread/INFO]: [EssentialsChat] Enabling EssentialsChat v2.22.0-dev+112-5baf239
[18:08:02] [Server thread/INFO]: [EssentialsChat] Starting Metrics. Opt-out using the global bStats config.
[18:08:02] [Server thread/INFO]: [EssentialsSpawn] Enabling EssentialsSpawn v2.22.0-dev+112-5baf239
[18:08:02] [Server thread/INFO]: [EssentialsSpawn] Starting Metrics. Opt-out using the global bStats config.
[18:08:02] [Server thread/INFO]: [KPCore] Enabling KPCore v4.0.5
[18:08:02] [Server thread/INFO]: [PlaceholderAPI] Successfully registered internal expansion: kpcore [4.0.5]
[18:08:02] [Server thread/INFO]: [KPCORE] Loading listeners and managers.
[18:08:02] [Server thread/INFO]: YAML IS GETTING LOADED!
[18:08:02] [Server thread/INFO]: [Citizens] Enabling Citizens v2.0.42-SNAPSHOT (build 4186)
[18:08:03] [Server thread/INFO]: [Citizens] Loaded 2 templates.
[18:08:03] [Server thread/INFO]: [PlaceholderAPI] Successfully registered internal expansion: citizens [1.0.0]
[18:08:03] [Server thread/INFO]: [Citizens] Loaded economy handling via Vault.
[18:08:04] [Server thread/INFO]: [MythicMobs] Enabling MythicMobs v5.12.0-SNAPSHOT-local
[18:08:04] [Server thread/INFO]: [MythicMobs] Loading MythicMobs for Paper (MC: 1.21.11)...
[18:08:04] [Server thread/INFO]: [MythicMobs] The server is running Paper; enabled Paper exclusive functionality
[18:08:08] [Server thread/INFO]: [MythicMobs] Mythic Citizens Support has been enabled!
[18:08:08] [Server thread/INFO]: [PlaceholderAPI] Successfully registered internal expansion: mythic [5.0.0]
[18:08:09] [Server thread/INFO]: [MythicMobs] Mythic PlaceholderAPI Support has been enabled!
[18:08:09] [Server thread/INFO]: [MythicMobs] Mythic Vault Support has been enabled!
[18:08:09] [Server thread/INFO]: [MythicMobs] Mythic WorldGuard Support has been enabled!
[18:08:14] [Server thread/INFO]: [MythicMobs] Loading Packs...
[18:08:17] [Server thread/INFO]: [MythicMobs] Loading Items...
[18:08:17] [Server thread/INFO]: [MythicMobs] Loading Item Groups...
[18:08:17] [Server thread/INFO]: [MythicMobs] All items loaded after 101ms!
[18:08:17] [Server thread/INFO]: [MythicMobs] Loading Skills...
[18:08:17] [Server thread/INFO]: [MythicMobs] Loading Drop Tables...
[18:08:17] [Server thread/INFO]: [MythicMobs] Loading Random Spawns...
[18:08:17] [Server thread/INFO]: [MythicMobs] Loading Spawn Blocks...
[18:08:17] [Server thread/INFO]: [MythicMobs] Second passes loaded after 35ms!
[18:08:17] [Server thread/INFO]: [MythicMobs] ✓ Loaded 8 mobs.
[18:08:17] [Server thread/INFO]: [MythicMobs] ✓ Loaded 3 vanilla mob overrides.
[18:08:17] [Server thread/INFO]: [MythicMobs] ✓ Loaded 0 mob stacks.
[18:08:17] [Server thread/INFO]: [MythicMobs] ✓ Loaded 3 skills.
[18:08:17] [Server thread/INFO]: [MythicMobs] ✓ Loaded 0 random spawns.
[18:08:17] [Server thread/INFO]: [MythicMobs] ✓ Loaded 3 mythic items.
[18:08:17] [Server thread/INFO]: [MythicMobs] ✓ Loaded 2 drop tables.
[18:08:17] [Server thread/INFO]: [MythicMobs] ✓ Loaded 0 mob spawners.
[18:08:17] [Server thread/INFO]: [MythicMobs] MythicMobs configuration file loaded successfully.
[18:08:18] [Server thread/INFO]: [MythicMobs] Started up bStats Metrics
[18:08:18] [Server thread/INFO]: [MythicMobs] ✓ MythicMobs v5.12.0 ( build local ) has been successfully loaded!
[18:08:18] [Server thread/INFO]: [DecentHolograms] Enabling DecentHolograms v2.9.10
[18:08:18] [Server thread/INFO]: [DecentHolograms] Initialized NMS adapter for paper_v1_21_R7 (1.21.11).
[18:08:18] [Server thread/INFO]: [NBTAPI] [NBTAPI] Found Minecraft: 1.21.11! Trying to find NMS support
[18:08:18] [Server thread/INFO]: [NBTAPI] [NBTAPI] NMS support 'MC1_21_R7' loaded!
[18:08:18] [Server thread/INFO]: [NBTAPI] [NBTAPI] Using the plugin 'DecentHolograms' to create a bStats instance!
[18:08:18] [Server thread/INFO]: [DecentHolograms] NBT-API loaded successfully.
[18:08:18] [Server thread/INFO]: [AutoReplant] Enabling AutoReplant v2.4
[18:08:18] [Server thread/INFO]: [ServerListPlus] Enabling ServerListPlus v3.5.0
[18:08:18] [Server thread/INFO]: [ServerListPlus] [Core] Reloading configuration...
[18:08:19] [Server thread/INFO]: [ServerListPlus] [Core] Loaded configuration: ServerStatusConf
[18:08:19] [Server thread/INFO]: [ServerListPlus] [Core] Loaded configuration: PluginConf
[18:08:19] [Server thread/INFO]: [ServerListPlus] [Core] Loaded configuration: BukkitConf
[18:08:19] [Server thread/WARN]: [ServerListPlus] [Core] Configuration is not enabled, nothing will be changed on the server! Please execute /slp enable to enable the configuration.
[18:08:19] [Server thread/INFO]: [ServerListPlus] [Core] Reloading saved player identities...
[18:08:19] [Server thread/INFO]: [ServerListPlus] Successfully loaded!
[18:08:19] [Server thread/INFO]: [ServerListPlus] ServerListPlus v3.5.0 enabled.
[18:08:19] [Server thread/INFO]: [VeinMiner] Enabling VeinMiner v2.4.0
[18:08:19] [Server thread/INFO]: [VeinMiner] Using "sqlite" for persistent data storage.
[18:08:19] [Server thread/INFO]: [VeinMiner] Loading configuration options to local memory
[18:08:19] [Server thread/WARN]: [VeinMiner] Alias "unnamed_alias_1" contains 1 entries but must have at least 2, or be a tag. Ignoring...
[18:08:19] [Server thread/WARN]: [VeinMiner] Alias "unnamed_alias_2" contains 1 entries but must have at least 2, or be a tag. Ignoring...
[18:08:19] [Server thread/WARN]: [VeinMiner] Alias "unnamed_alias_3" contains 1 entries but must have at least 2, or be a tag. Ignoring...
[18:08:19] [Server thread/WARN]: [VeinMiner] Alias "unnamed_alias_4" contains 1 entries but must have at least 2, or be a tag. Ignoring...
[18:08:19] [Server thread/WARN]: [VeinMiner] Alias "unnamed_alias_5" contains 1 entries but must have at least 2, or be a tag. Ignoring...
[18:08:19] [Server thread/WARN]: [VeinMiner] Alias "unnamed_alias_6" contains 1 entries but must have at least 2, or be a tag. Ignoring...
[18:08:19] [Server thread/WARN]: [VeinMiner] Alias "unnamed_alias_7" contains 1 entries but must have at least 2, or be a tag. Ignoring...
[18:08:19] [Server thread/WARN]: [VeinMiner] Alias "unnamed_alias_8" contains 1 entries but must have at least 2, or be a tag. Ignoring...
[18:08:19] [Server thread/WARN]: [VeinMiner] Alias "unnamed_alias_9" contains 1 entries but must have at least 2, or be a tag. Ignoring...
[18:08:19] [Server thread/INFO]: [VeinMiner] Added 0 aliases.
[18:08:19] [Server thread/INFO]: [VeinMiner] Registered category with id "Axe" holding 7 unique items and 17 unique blocks.
[18:08:19] [Server thread/INFO]: [VeinMiner] Registered category with id "Hoe" holding 7 unique items and 6 unique blocks.
[18:08:19] [Server thread/INFO]: [VeinMiner] Registered category with id "Pickaxe" holding 7 unique items and 8 unique blocks.
[18:08:19] [Server thread/INFO]: [VeinMiner] Registered category with id "Shears" holding 1 unique items and 23 unique blocks.
[18:08:19] [Server thread/INFO]: [VeinMiner] Registered category with id "Shovel" holding 7 unique items and 2 unique blocks.
[18:08:19] [Server thread/WARN]: [VeinMiner] No block list configured for category with id "Hand"! Is this intentional?
[18:08:19] [Server thread/INFO]: [VeinMiner] Registered category with id "Hand" holding 0 unique items and 0 unique blocks.
[18:08:19] [Server thread/INFO]: [VeinMiner] Performing an update check!
[18:08:19] [Server thread/INFO]: [VeinMiner] Registering commands
[18:08:19] [Server thread/INFO]: [VeinMiner] Registering events
[18:08:19] [Server thread/INFO]: [PlaceholderAPI] Successfully registered internal expansion: veinminer [2.4.0]
[18:08:19] [Server thread/INFO]: [VeinMiner] Vault found. Attempting to enable economy support...
[18:08:19] [Server thread/INFO]: [VeinMiner] Enabling Plugin Metrics
[18:08:19] [Server thread/INFO]: [VeinMiner] Thanks for enabling Metrics! The anonymous stats are appreciated
[18:08:19] [Server thread/INFO]: [Duels] Enabling Duels v7.2
[18:08:19] [Thread-15/INFO]: [VeinMiner] You are on the latest version of VeinMiner!
[18:08:20] [Server thread/INFO]: ╔═══════════════════════════════════════════════════════════════════════════════════════════════════════════════════╗
[18:08:20] [Server thread/INFO]: ║  ██████╗ ██╗   ██╗███████╗██╗     ███████╗     ██████╗ ██████╗ ████████╗██╗███╗   ███╗██╗███████╗███████╗██████╗  ║
[18:08:20] [Server thread/INFO]: ║  ██╔══██╗██║   ██║██╔════╝██║     ██╔════╝    ██╔═══██╗██╔══██╗╚══██╔══╝██║████╗ ████║██║██╔════╝██╔════╝██╔══██╗ ║
[18:08:20] [Server thread/INFO]: ║  ██║  ██║██║   ██║█████╗  ██║     ███████╗    ██║   ██║██████╔╝   ██║   ██║██╔████╔██║██║███████╗█████╗  ██║  ██║ ║
[18:08:20] [Server thread/INFO]: ║  ██║  ██║██║   ██║██╔══╝  ██║     ╚════██║    ██║   ██║██╔═══╝    ██║   ██║██║╚██╔╝██║██║╚════██║██╔══╝  ██║  ██║ ║
[18:08:20] [Server thread/INFO]: ║  ██████╔╝╚██████╔╝███████╗███████╗███████║    ╚██████╔╝██║        ██║   ██║██║ ╚═╝ ██║██║███████║███████╗██████╔╝ ║
[18:08:20] [Server thread/INFO]: ║  ╚═════╝  ╚═════╝ ╚══════╝╚══════╝╚══════╝     ╚═════╝ ╚═╝        ╚═╝   ╚═╝╚═╝     ╚═╝╚═╝╚══════╝╚══════╝╚═════╝  ║
[18:08:20] [Server thread/INFO]: ╚═══════════════════════════════════════════════════════════════════════════════════════════════════════════════════╝
[18:08:20] [Server thread/INFO]: Duels Optimised » Starting to load log manager
[18:08:20] [Server thread/INFO]: Duels Optimised » Successfully loaded Log Manager in [29ms]
[18:08:20] [Server thread/INFO]: Duels Optimised » Starting to load loadables
[18:08:20] [Server thread/INFO]: Duels Optimised » Successfully loaded config in [35ms]
[18:08:20] [Server thread/INFO]: Duels Optimised » Successfully loaded commands config in [27ms]
[18:08:20] [Server thread/INFO]: Duels Optimised » Successfully loaded lang in [5ms]
[18:08:20] [Server thread/INFO]: Duels Optimised » Successfully loaded user manager in [24ms]
[18:08:20] [Server thread/INFO]: Duels Optimised » Successfully loaded gui listener in [11ms]
[18:08:20] [Server thread/INFO]: Duels Optimised » Successfully loaded party manager in [18ms]
[18:08:20] [Server thread/INFO]: Duels Optimised » Successfully loaded kit manager in [13ms]
[18:08:20] [Server thread/INFO]: Duels Optimised » Successfully loaded arena manager in [18ms]
[18:08:20] [Server thread/INFO]: Duels Optimised » Successfully loaded settings manager in [22ms]
[18:08:20] [Server thread/INFO]: Duels Optimised » Successfully loaded player manager in [19ms]
[18:08:20] [Server thread/INFO]: Duels Optimised » Successfully loaded spectate manager in [43ms]
[18:08:20] [Server thread/INFO]: Duels Optimised » Successfully loaded betting manager in [2ms]
[18:08:20] [Server thread/INFO]: Duels Optimised » Successfully loaded inventory manager in [6ms]
[18:08:20] [Server thread/INFO]: Duels Optimised » Successfully loaded duel manager in [18ms]
[18:08:20] [Server thread/INFO]: Duels Optimised » Successfully loaded queue manager in [30ms]
[18:08:20] [Server thread/INFO]: Duels Optimised » Successfully loaded queue signs in [7ms]
[18:08:20] [Server thread/INFO]: Duels Optimised » Successfully loaded request manager in [3ms]
[18:08:20] [Server thread/INFO]: Duels Optimised » Successfully hooked into 'Essentials'!
[18:08:20] [Server thread/INFO]: [PlaceholderAPI] Successfully registered internal expansion: duels [1.0]
[18:08:20] [Server thread/INFO]: Duels Optimised » Successfully hooked into 'PlaceholderAPI'!
[18:08:20] [Server thread/INFO]: [Duels] Using Economy Provider: com.earth2me.essentials.economy.vault.VaultEconomyProvider
[18:08:20] [Server thread/INFO]: Duels Optimised » Successfully hooked into 'Vault'!
[18:08:20] [Server thread/INFO]: Duels Optimised » Successfully hooked into 'WorldGuard'!
[18:08:20] [Server thread/INFO]: Duels Optimised » Successfully loaded hook manager in [53ms]
[18:08:21] [Server thread/INFO]: Duels Optimised » Successfully loaded validator manager in [3ms]
[18:08:21] [Server thread/INFO]: Duels Optimised » Successfully loaded teleport manager in [2ms]
[18:08:21] [Server thread/INFO]: Duels Optimised » Loaded 0 kit(s).
[18:08:21] [Server thread/INFO]: Duels Optimised » Loaded 0 arena(s).
[18:08:21] [Server thread/INFO]: [Duels] PlayerInfoManager: Lobby location was not set, using world's spawn location as default. Use the command /duels setlobby in-game to set the lobby location.
[18:08:21] [Server thread/INFO]: [Duels] PlayerInfoManager: Lobby location was not set, using world's spawn location as default. Use the command /duels setlobby in-game to set the lobby location.
[18:08:21] [Server thread/INFO]: Duels Optimised » Loaded 0 queue(s).
[18:08:21] [Server thread/INFO]: Duels Optimised » Loaded 0 queue sign(s).
[18:08:21] [Server thread/INFO]: Duels Optimised » Successfully loaded all loadables in [669ms]
[18:08:21] [Server thread/INFO]: Duels Optimised » Registering commands...
[18:08:21] [Server thread/INFO]: [Duels] Registered command: /duel (aliases: 1v1, duel)
[18:08:21] [Server thread/INFO]: [Duels] Registered command: /party (aliases: p, duelparty, dp, party)
[18:08:21] [Server thread/INFO]: [Duels] Registered command: /queue (aliases: q, queue)
[18:08:21] [Server thread/INFO]: [Duels] Registered command: /spectate (aliases: spec, spectate)
[18:08:21] [Server thread/INFO]: [Duels] Registered command: /duels (aliases: ds, duels)
[18:08:21] [Server thread/INFO]: [Duels] Registered command: /kit (aliases: dkit, kit)
[18:08:21] [Server thread/INFO]: Duels Optimised » Successfully registered commands [45ms]
[18:08:21] [Server thread/INFO]: Duels Optimised » Loading extensions...
[18:08:21] [Server thread/INFO]: Duels Optimised » Successfully loaded extensions in [7ms]
[18:08:21] [Server thread/INFO]: Duels Optimised » Starting to load pre-listeners
[18:08:21] [Server thread/INFO]: Duels Optimised » Registering post listeners...
[18:08:21] [Server thread/INFO]: Duels Optimised » Successfully registered listeners after plugin startup in [22ms]
[18:08:21] [Server thread/INFO]: Duels Optimised » Successfully loaded pre-listeners in [137ms]
[18:08:21] [Server thread/INFO]: Duels Optimised » Successfully enabled Duels in 897ms.
[18:08:21] [Server thread/INFO]: [EconomyShopGUI] Enabling EconomyShopGUI v7.0.3
[18:08:21] [Server thread/INFO]: [EconomyShopGUI] [INFO]: Initializing paper meta...
[18:08:21] [Server thread/INFO]: [EconomyShopGUI] [INFO]: Using lang-en.yml as language file
[18:08:21] [Server thread/INFO]: [EconomyShopGUI] [INFO]: Completed loading 16 section configs from /sections/
[18:08:21] [Server thread/INFO]: [EconomyShopGUI] [INFO]: Default shops layout compatible with 121 created at /workspaces/Eaglercraft-1.12-Server-Hosting/server/plugins/EconomyShopGUI/shops
[18:08:22] [Server thread/INFO]: [EconomyShopGUI] [INFO]: Completed loading 16 shop configs from /shops/
[18:08:22] [Server thread/INFO]: [EconomyShopGUI] [INFO]: Updating Shop settings...
[18:08:22] [Server thread/INFO]: [EconomyShopGUI] [INFO]: Successfully hooked into Vault and using EssentialsX Economy as economy provider
[18:08:22] [Server thread/INFO]: [EconomyShopGUI] [INFO]: Completed loading 1 economy provider(s) for all 14 shop sections.
[18:08:22] [Server thread/INFO]: [EconomyShopGUI] [INFO]: Using minecraft version 1.21.11...
[18:08:22] [Server thread/INFO]: [EconomyShopGUI] [INFO]: Spawner provider set to AUTO in config
[18:08:22] [Server thread/INFO]: [EconomyShopGUI] [INFO]: Automatically searching for compatible spawner provider....
[18:08:22] [Server thread/INFO]: [EconomyShopGUI] [INFO]: Failed to automatically find compatible spawner provider, using default...
[18:08:22] [Server thread/INFO]: [PlaceholderAPI] Successfully registered internal expansion: esgui [1.1.0]
[18:08:22] [Server thread/INFO]: [EconomyShopGUI] [INFO]: Debug mode is enabled.
[18:08:22] [Server thread/INFO]: [EconomyShopGUI] [INFO]: Loading all items...
[18:08:23] [Server thread/INFO]: [EconomyShopGUI] [INFO]: Initialized - Took 2055ms to complete
[18:08:23] [Server thread/INFO]: [BlockSigningPlugin] Enabling BlockSigningPlugin v3.0
[18:08:23] [Server thread/WARN]: [BlockSigningPlugin] Invalid material in onlyscan: SPAWNER_MINECART
[18:08:24] [Server thread/INFO]: [KitPvP] Enabling KitPvP v2.2.5
[18:08:24] [Server thread/INFO]: [KIT-PVP] Enabling KitPvP version 2.2.5...
[18:08:24] [Server thread/INFO]: [KIT-PVP] Loading configuration files...
[18:08:24] [Server thread/INFO]: [KIT-PVP] Loading kit files...
[18:08:24] [Server thread/INFO]: [KIT-PVP] Establishing database connection...
[18:08:25] [Server thread/INFO]: [KIT-PVP] Hooking into PlaceholderAPI...
[18:08:25] [Server thread/INFO]: [PlaceholderAPI] Successfully registered internal expansion: kitpvp [1.0.0]
[18:08:25] [Server thread/INFO]: [KIT-PVP] Hooking into WorldGuard...
[18:08:25] [Server thread/INFO]: [KIT-PVP] Done!
[18:08:25] [Server thread/INFO]: [AuthMe] Enabling AuthMe v5.6.0-bCUSTOM
[18:08:26] [Server thread/INFO]: [AuthMe] SQLite Setup finished
[18:08:26] [Server thread/INFO]: [AuthMe] Hooked into LuckPerms!
[18:08:27] [Server thread/INFO]: [AuthMe] Hooked successfully into Essentials
[18:08:27] [Server thread/INFO]: [AuthMe] Hooked successfully into Multiverse-Core
[18:08:27] [Server thread/WARN]: [AuthMe] "AuthMe v5.6.0-bCUSTOM" has registered a listener for org.spigotmc.event.player.PlayerSpawnLocationEvent on method "public void fr.xephi.authme.listener.PlayerListener19Spigot.onPlayerSpawn(org.spigotmc.event.player.PlayerSpawnLocationEvent)", but the event is Deprecated. "Listening to this event causes the player to be created early. Using the player from this event will result in undefined behavior. Prefer AsyncPlayerSpawnLocationEvent."; please notify the authors [sgdc3, games647, Hex3l, krusic22].
[18:08:27] [Server thread/INFO]: [AuthMe] AuthMe 5.6.0 build n.CUSTOM successfully enabled!
[18:08:27] [Server thread/INFO]: [THE-PIT] Enabling THE-PIT vBUILD-15
[18:08:27] [Server thread/INFO]: [THE-PIT] The server is using 1.14/1.15 MINECRAFT VERSION
[18:08:27] [Server thread/INFO]: [THE-PIT] Altering config sounds to 1.14 Sounds...
[18:08:27] [Server thread/INFO]: [THE-PIT] Done! All Sounds have been modified to 1.14 Sounds.
[18:08:27] [Server thread/INFO]: [THEPIT] PlaceHolderAPI is found!
[18:08:27] [Server thread/INFO]: [THEPIT] Hooking into it!
[18:08:27] [Server thread/INFO]: [PlaceholderAPI] Successfully registered internal expansion: the-pit [BUILD-15]
[18:08:27] [Server thread/INFO]: [THEPIT] PlaceHolderAPI has hooked sucefully!
[18:08:28] [Server thread/INFO]: [THE-PIT] Registering plugin listeners...
[18:08:28] [Server thread/INFO]: [THEPIT] EVENTS STARTED
[18:08:28] [Server thread/INFO]: [THE-PIT] Done! Plugin listeners loaded!
[18:08:28] [Server thread/INFO]: [THE-PIT] The plugin has been enabled successfully!
[18:08:28] [Server thread/INFO]: [TAB] Enabling TAB v5.5.0
[18:08:28] [Server thread/INFO]: [TAB] Enabled in 546ms
[18:08:28] [Server thread/INFO]: [UnsafeEnchants] Enabling UnsafeEnchants v1.0.3
[18:08:28] [Server thread/INFO]: [BedWars] Enabling BedWars v0.2.43
[18:08:28] [Server thread/INFO]: [BedWars] Successfully loaded messages for BedWars! Language: English
[18:08:29] [Server thread/INFO]: [BedWars] Loading statistics from YAML-File ...
[18:08:29] [Server thread/INFO]: [PlaceholderAPI] Successfully registered internal expansion: bedwars [0.2.43]
[18:08:29] [Server thread/INFO]: =====================  by ScreamingSandals <Misat11, Iamceph, Pronze, ZlataOvce>
[18:08:29] [Server thread/INFO]: + Screaming BedWars +  Version: 0.2.43
[18:08:29] [Server thread/INFO]: =====================  STABLE VERSION
[18:08:29] [Server thread/INFO]: [BW] Found Vault
[18:08:29] [Server thread/INFO]: [craftableinvframes] Enabling craftableinvframes v2.3.3
[18:08:29] [Server thread/INFO]: [CombatLog] Enabling CombatLog v1.17
[18:08:29] [Server thread/INFO]: [PlaceholderAPI] Successfully registered internal expansion: combatlog [1.0]
[18:08:29] [Server thread/INFO]: [CombatLog] PlaceholderAPI detected: placeholders registered.
[18:08:29] [Server thread/INFO]: [ajLeaderboards] Enabling ajLeaderboards v2.8.0
[18:08:30] [Server thread/INFO]: [ajLeaderboards] Using H2 flatfile for board cache. (h2)
[18:08:31] [Server thread/INFO]: [ajLeaderboards] Loaded 1 boards
[18:08:31] [Server thread/INFO]: [PlaceholderAPI] Successfully registered internal expansion: ajlb [2.8.0]
[18:08:31] [Server thread/INFO]: [ajLeaderboards] PAPI placeholders successfully registered!
[18:08:31] [Server thread/INFO]: [ajLeaderboards] ajLeaderboards v2.8.0 by ajgeiss0702 enabled!
[18:08:31] [Server thread/INFO]: [JobSystem] Enabling JobSystem v1.0.6
[18:08:31] [Server thread/INFO]: [PlaceholderAPI] Successfully registered internal expansion: jobsystem [1.0.6]
[18:08:31] [Server thread/INFO]: [JobSystem] JobSystem erfolgreich geladen!
[18:08:31] [Server thread/INFO]: [MyCommand] Enabling MyCommand v5.6.7
[18:08:31] [Server thread/INFO]: *-=-=-=-=-=-=-=-=-=-* MyCommand *-=-=-=-=-=-=-=-=-=-=-*
[18:08:31] [Server thread/INFO]: | Vault  : Ok. Hooked on Vault 1.7.3-b131
[18:08:31] [Server thread/INFO]: | Command file(s) found : 1
[18:08:31] [Server thread/INFO]: | Config : Ready.
[18:08:31] [Server thread/INFO]: [PlaceholderAPI] Successfully registered internal expansion: mycommand [1.0.0]
[18:08:31] [Server thread/INFO]: | PlaceholderAPI: Hooked, Ok.
[18:08:31] [Server thread/INFO]: | Custom commands loaded : 44
[18:08:31] [Server thread/INFO]: | Version: 5.6.7
[18:08:31] [Server thread/INFO]: | Author : emmerrei a.k.a Ivanpro
[18:08:31] [Server thread/INFO]: | New update available : MyCommand v5.7.5
[18:08:31] [Server thread/INFO]: *-=-=-=-=-=-=-=-=-=-*   Done!   *-=-=-=-=-=-=-=-=-=-=-*
[18:08:32] [Server thread/INFO]: [EssentialsAntiBuild] Enabling EssentialsAntiBuild v2.22.0-dev+112-5baf239
[18:08:32] [Server thread/INFO]: [EssentialsAntiBuild] Starting Metrics. Opt-out using the global bStats config.
[18:08:32] [Server thread/INFO]: [HoloMobHealth] Enabling HoloMobHealth v2026.1.1.0
[18:08:40] [Server thread/INFO]: [HoloMobHealth] No custom ProtocolProvider provided, using default ProtocolLib provider.
[18:08:43] [Server thread/INFO]: [HoloMobHealth] Loading languages...
[18:08:43] [Server thread/INFO]: [HoloMobHealth] Hooked into Citizens!
[18:08:43] [Server thread/INFO]: [HoloMobHealth] Hooked into MythicMobs!
[18:08:43] [Server thread/INFO]: [HoloMobHealth] Hooked into PlaceholderAPI!
[18:08:43] [Server thread/INFO]: [HoloMobHealth] Hooked into WorldGuard! (v7)
[18:08:43] [Server thread/INFO]: [HoloMobHealth] Opened Sqlite database successfully
[18:08:43] [Server thread/INFO]: [PlaceholderAPI] Successfully registered internal expansion: holomobhealth [1.0.0]
[18:08:43] [Server thread/INFO]: [HoloMobHealth] HoloMobHealth has been Enabled!
[18:08:43] [Server thread/INFO]: [ClearLag] Enabling ClearLag v3.2.2
[18:08:43] [Server thread/INFO]: [ClearLag] Using version-adapter: LatestVersionAdapter
[18:08:44] [Server thread/INFO]: [ClearLag] Loading modules...
[18:08:44] [Server thread/WARN]: [ClearLag] Clearlag failed to use the internal TPS tracker during initialization. Reverted to estimation... (Index 3 out of bounds for length 3)
[18:08:44] [Server thread/INFO]: [ClearLag] Modules enabed, loading config values
[18:08:44] [Server thread/WARN]: [ClearLag] Item type 'GOLDEN_INGOT' does not match any Materials found on your Craftbukkit version.
[18:08:44] [Server thread/WARN]: [ClearLag] Item type 'GOLDEN_NUGGET' does not match any Materials found on your Craftbukkit version.
[18:08:44] [Server thread/WARN]: [ClearLag] Item type 'GOLDEN_BLOCK' does not match any Materials found on your Craftbukkit version.
[18:08:44] [Server thread/INFO]: [ClearLag] Modules have been loaded!
[18:08:44] [Server thread/INFO]: [ClearLag] Clearlag is now enabled!
[18:08:44] [Server thread/INFO]: [Apollo-Folia] Enabling Apollo-Folia v1.2.6
[18:08:45] [Server thread/INFO]: [AdvancedPortals] Enabling AdvancedPortals v2.8.0
[18:08:45] [Server thread/INFO]: [AdvancedPortals] Loading Advanced Portals Core v2.8.0 for MC: 1.21.11
[18:08:47] [Server thread/INFO]: [AdvancedPortals] Advanced portals have been enabled!
[18:08:47] [Server thread/INFO]: [Skywars] Enabling Skywars v5.6.40-nightly.37+c1816bc
[18:08:47] [Server thread/INFO]: [Skywars] Trying to load NMS support for server version 'v1_21_R1 (org.bukkit.craftbukkit)'...
[18:08:47] [Server thread/INFO]: [Skywars] Loaded support for NMS server version v1_21_R1 using handler: v1_21_R1.
[18:08:47] [Server thread/INFO]: [Skywars] [DEBUG] spawn null? true
[18:08:47] [Server thread/INFO]: [Skywars] Debug mode enabled
[18:08:47] [Server thread/INFO]: [PlaceholderAPI] Successfully registered internal expansion: swr [5.6.40-nightly.37+c1816bc]
[18:08:47] [Server thread/INFO]: [Skywars] Using Bukkit World Manager
[18:08:48] [Server thread/INFO]: [Skywars] [DEBUG] spawn null? true
[18:08:48] [Server thread/INFO]: [Skywars] Lunar Apollo bridge enabled (clients/lunar/config.yml).
[18:08:48] [Server thread/INFO]: [Skywars] [Perks] Loaded 15 perks from perks.yml
[18:08:48] [Server thread/INFO]: [Skywars] [Soul Well] Validating reward configuration...
[18:08:48] [Server thread/INFO]: [Skywars] [Soul Well] Total reward weight: 94
[18:08:48] [Server thread/INFO]: [Skywars] [Soul Well] Reward validation complete.
[18:08:48] [Server thread/INFO]: [Skywars] Maps directory is missing or no Maps were found!
[18:08:48] [Server thread/INFO]: [Skywars] systems.mythical.mythicskywars.utilities.holograms.DecentHoloUtil#debug::getFC: fc = YamlConfiguration[path='', root='YamlConfiguration']
[18:08:48] [Server thread/INFO]: [Skywars] systems.mythical.mythicskywars.utilities.holograms.DecentHoloUtil#debug::getFC: key = leaders
[18:08:48] [Server thread/INFO]: [Skywars] systems.mythical.mythicskywars.utilities.holograms.DecentHoloUtil#debug::getFC: key = topplayer
[18:08:48] [Server thread/INFO]: [Skywars] systems.mythical.mythicskywars.utilities.holograms.DecentHoloUtil#debug::getFC: key = leaders
[18:08:48] [Server thread/INFO]: [Skywars] systems.mythical.mythicskywars.utilities.holograms.DecentHoloUtil#debug::getFC: key = leaders
[18:08:48] [Server thread/INFO]: [Skywars] systems.mythical.mythicskywars.utilities.holograms.DecentHoloUtil#debug::getFC: key = topplayer
[18:08:48] [Server thread/INFO]: [Skywars] systems.mythical.mythicskywars.utilities.holograms.DecentHoloUtil#debug::getFC: key = leaders
[18:08:48] [Server thread/INFO]: [Skywars] systems.mythical.mythicskywars.utilities.holograms.DecentHoloUtil#debug::getFC: key = leaders
[18:08:49] [Server thread/INFO]: [CommandNPC] Enabling CommandNPC v1.9.1*
[18:08:49] [Server thread/INFO]: [CommandNPC] Vault compatible economy found! Economy support for CommandNPC has been enabled.
[18:08:49] [Server thread/INFO]: [CommandNPC] Initiating Database
[18:08:49] [Server thread/INFO]: [CommandNPC] Injecting command info into Citizens.
[18:08:49] [Thread-19/INFO]: [CommandNPC] Loading commands complete!
[18:08:49] [Server thread/INFO]: [CommandNPC] CommandNPC successfully loaded!
[18:08:49] [Server thread/INFO]: [[38;5;11m⚡[0m] Enabling LagFixer v1.6.0 [build 143]
[18:08:49] [Server thread/INFO]: [[38;5;11m⚡[0m] 

LagFixer 1.6.0 [build 143] - Best Performance Solution!
░░░░░░░░░░░░░░░░░░░░░░░░░░░░░░░░░░░░░░░░░░░░░░░░░░░░░░░░░░░░░░░░
░██╗░░░░░░█████╗░░██████╗░░░███████╗██╗██╗░░██╗███████╗██████╗░░
░██║░░░░░██╔══██╗██╔════╝░░░██╔════╝██║╚██╗██╔╝██╔════╝██╔══██╗░
░██║░░░░░███████║██║░░███╗░░█████╗░░██║░╚███╔╝░█████╗░░██████╔╝░
░██║░░░░░██╔══██║██║░░░██║░░██╔══╝░░██║░██╔██╗░██╔══╝░░██╔══██╗░
░███████╗██║░░██║╚██████╔╝░░██║░░░░░██║██╔╝░██╗███████╗██║░░██║░
░╚══════╝╚═╝░░╚═╝░╚═════╝░░░╚═╝░░░░░╚═╝╚═╝░░╚═╝╚══════╝╚═╝░░╚═╝░
░░░░░░░░░░░░░░░░░░░░░░░░░░░░░░░░░░░░░░░░░░░░░░░░░░░░░░░░░░░░░░░░
Remember to leave a rating! ★ ★ ★ ★ ★


[18:08:49] [Server thread/INFO]: [[38;5;11m⚡[0m] (ErrorsManager) -> Enabling manager...
[18:08:49] [Server thread/INFO]: [[38;5;11m⚡[0m]  • Started listening console for LagFixer errors!
[18:08:49] [Server thread/INFO]: [[38;5;11m⚡[0m] (ErrorsManager) -> Enabled manager in 2.843ms!
[18:08:49] [Server thread/INFO]: [[38;5;11m⚡[0m] (ConfigManager) -> Enabling manager...
[18:08:49] [Server thread/INFO]: [[38;5;11m⚡[0m] (ConfigManager) -> Enabled manager in 139.426ms!
[18:08:49] [Server thread/INFO]: [[38;5;11m⚡[0m] (SupportManager) -> Enabling manager...
[18:08:49] [Server thread/INFO]: [[38;5;11m⚡[0m]  • Loaded fork support ~ xyz.lychee.lagfixer.support.PaperSupport
[18:08:49] [Server thread/INFO]: [[38;5;11m⚡[0m]  • Loaded nms support ~ xyz.lychee.lagfixer.nms.v1_21_R7.SupportNms
[18:08:49] [Server thread/INFO]: [[38;5;11m⚡[0m] (SupportManager) -> Enabled manager in 14.477ms!
[18:08:49] [Server thread/INFO]: [[38;5;11m⚡[0m] (HookManager) -> Enabling manager...
[18:08:49] [Server thread/INFO]: [[38;5;11m⚡[0m]  • Successfully loaded hook MythicMobs in 0.01ms!
[18:08:49] [Server thread/INFO]: [PlaceholderAPI] Successfully registered internal expansion: lagfixer [1.6.0 [build 143]]
[18:08:49] [Server thread/INFO]: [[38;5;11m⚡[0m]  • Successfully loaded hook PlaceholderAPI in 5.173ms!
[18:08:49] [Server thread/INFO]: [[38;5;11m⚡[0m] (HookManager) -> Enabled manager in 5.705ms!
[18:08:49] [Server thread/INFO]: [[38;5;11m⚡[0m] (MetricsManager) -> Enabling manager...
[18:08:49] [Server thread/INFO]: [[38;5;11m⚡[0m] (MetricsManager) -> Enabled manager in 7.05ms!
[18:08:49] [Server thread/INFO]: [[38;5;11m⚡[0m] (UpdaterManager) -> Enabling manager...
[18:08:49] [Server thread/INFO]: [[38;5;11m⚡[0m] (UpdaterManager) -> Enabled manager in 1.401ms!
[18:08:50] [Server thread/INFO]: Environment: Environment[sessionHost=https://sessionserver.mojang.com, servicesHost=https://api.minecraftservices.com, profilesHost=https://api.mojang.com, name=PROD]
[18:08:50] [Server thread/INFO]: [[38;5;11m⚡[0m] (ModuleManager) -> Enabling manager...
[18:08:50] [Server thread/INFO]: [[38;5;11m⚡[0m]  • Successfully loaded module RedstoneLimiter in 10.425ms!
[18:08:50] [Server thread/INFO]: [[38;5;11m⚡[0m]  • Successfully loaded module InstantLeafDecay in 3.768ms!
[18:08:50] [Server thread/INFO]: [[38;5;11m⚡[0m]  • Successfully loaded module WorldCleaner in 9.0ms!
[18:08:50] [Server thread/INFO]: [[38;5;11m⚡[0m]  • Successfully loaded module LagShield in 11.315ms!
[18:08:50] [Server thread/INFO]: [[38;5;11m⚡[0m]  • Successfully loaded module ExplosionOptimizer in 6.663ms!
[18:08:50] [Server thread/INFO]: [[38;5;11m⚡[0m]  • Successfully loaded module MobAiReducer in 23.835ms!
[18:08:50] [Server thread/INFO]: [[38;5;11m⚡[0m]  • Successfully loaded module EntityLimiter in 12.665ms!
[18:08:50] [Server thread/INFO]: [[38;5;11m⚡[0m]  • Successfully loaded module AbilityLimiter in 7.249ms!
[18:08:50] [Server thread/INFO]: [[38;5;11m⚡[0m] (ModuleManager) -> Enabled manager in 226.956ms!
[18:08:50] [Server thread/INFO]: [[38;5;11m⚡[0m] (CommandManager) -> Enabling manager...
[18:08:50] [Server thread/INFO]: [[38;5;11m⚡[0m] (CommandManager) -> Enabled manager in 384.84ms!
[18:08:50] [Server thread/INFO]: [[38;5;11m⚡[0m] Remember to leave a rating! ★ ★ ★ ★ ★
[18:08:50] [Server thread/INFO]: [[38;5;11m⚡[0m] ❤ Support us https://ko-fi.com/lajczik
[18:08:50] [Server thread/INFO]: [EssentialsProtect] Enabling EssentialsProtect v2.22.0-dev+112-5baf239
[18:08:50] [Server thread/INFO]: [EssentialsProtect] Continuing to enable Protect.
[18:08:50] [Server thread/INFO]: [EssentialsProtect] Starting Metrics. Opt-out using the global bStats config.
[18:08:51] [Server thread/INFO]: [spark] Starting background profiler...
[18:08:52] [Server thread/INFO]: [PlaceholderAPI] Placeholder expansion registration initializing...
[18:08:52] [Server thread/INFO]: Running delayed init tasks
[18:08:52] [Craft Scheduler Thread - 6 - Essentials/INFO]: [Essentials] Fetching version information...
[18:08:52] [Craft Scheduler Thread - 5 - ViaVersion/INFO]: [ViaVersion] Finished mapping loading, shutting down loader executor.
[18:08:52] [Craft Scheduler Thread - 8 - DecentHolograms/INFO]: [DecentHolograms] Loading holograms... 
[18:08:52] [Craft Scheduler Thread - 12 - AuthMe/INFO]: [AuthMe] Downloading GEO IP database, because the old database is older than 30 days or doesn't exist
[18:08:52] [Craft Scheduler Thread - 12 - AuthMe/WARN]: [AuthMe] No MaxMind credentials found in the configuration file! GeoIp protections will be disabled.
[18:08:52] [Craft Scheduler Thread - 12 - AuthMe/INFO]: [AuthMe] There is no newer GEO IP database uploaded to MaxMind. Using the old one for now.
[18:08:52] [Craft Scheduler Thread - 17 - ClearLag/INFO]: [ClearLag] 0 Logs have been removed!
[18:08:52] [Server thread/INFO]: [PerWorldPlugins] Config generated correctly.
[18:08:52] [Craft Scheduler Thread - 12 - AuthMe/WARN]: [AuthMe] Could not download GeoLiteAPI database [FileNotFoundException]: plugins/AuthMe/GeoLite2-Country.mmdb (No such file or directory)
[18:08:53] [Craft Scheduler Thread - 20 - Vault/INFO]: [Vault] Checking for Updates ... 
[18:08:53] [Craft Scheduler Thread - 8 - DecentHolograms/INFO]: [DecentHolograms] Loaded 1 holograms!
[18:08:53] [Craft Scheduler Thread - 20 - Vault/INFO]: [Vault] No new version available
[18:08:53] [Server thread/INFO]: [PerWorldPlugins] Converted all Listeners correctly.
[18:08:53] [Server thread/INFO]: [Essentials] Essentials found a compatible payment resolution method: Vault Compatibility Layer (v1.7.3-b131)!
[18:08:54] [Server thread/WARN]: java.lang.IllegalArgumentException: Can not set double field net.citizensnpcs.trait.LookClose.range to java.lang.String
[18:08:54] [Server thread/WARN]: 	at java.base/jdk.internal.reflect.FieldAccessorImpl.throwSetIllegalArgumentException(FieldAccessorImpl.java:223)
[18:08:54] [Server thread/WARN]: 	at java.base/jdk.internal.reflect.FieldAccessorImpl.throwSetIllegalArgumentException(FieldAccessorImpl.java:227)
[18:08:54] [Server thread/WARN]: 	at java.base/jdk.internal.reflect.MethodHandleDoubleFieldAccessorImpl.set(MethodHandleDoubleFieldAccessorImpl.java:136)
[18:08:54] [Server thread/WARN]: 	at java.base/java.lang.reflect.Field.set(Field.java:832)
[18:08:54] [Server thread/WARN]: 	at Citizens-2.0.42-b4186.jar//net.citizensnpcs.api.persistence.PersistenceLoader$PersistField.set(PersistenceLoader.java:145)
[18:08:54] [Server thread/WARN]: 	at Citizens-2.0.42-b4186.jar//net.citizensnpcs.api.persistence.PersistenceLoader.deserialise(PersistenceLoader.java:292)
[18:08:54] [Server thread/WARN]: 	at Citizens-2.0.42-b4186.jar//net.citizensnpcs.api.persistence.PersistenceLoader.load(PersistenceLoader.java:539)
[18:08:54] [Server thread/WARN]: 	at Citizens-2.0.42-b4186.jar//net.citizensnpcs.api.npc.AbstractNPC.loadTraitFromKey(AbstractNPC.java:313)
[18:08:54] [Server thread/WARN]: 	at Citizens-2.0.42-b4186.jar//net.citizensnpcs.api.npc.AbstractNPC.load(AbstractNPC.java:291)
[18:08:54] [Server thread/WARN]: 	at Citizens-2.0.42-b4186.jar//net.citizensnpcs.npc.CitizensNPC.load(CitizensNPC.java:188)
[18:08:54] [Server thread/WARN]: 	at Citizens-2.0.42-b4186.jar//net.citizensnpcs.api.npc.SimpleNPCDataStore.loadInto(SimpleNPCDataStore.java:80)
[18:08:54] [Server thread/WARN]: 	at Citizens-2.0.42-b4186.jar//net.citizensnpcs.Citizens$CitizensLoadTask.run(Citizens.java:682)
[18:08:54] [Server thread/WARN]: 	at org.bukkit.craftbukkit.scheduler.CraftTask.run(CraftTask.java:78)
[18:08:54] [Server thread/WARN]: 	at org.bukkit.craftbukkit.scheduler.CraftScheduler.mainThreadHeartbeat(CraftScheduler.java:474)
[18:08:54] [Server thread/WARN]: 	at net.minecraft.server.MinecraftServer.runServer(MinecraftServer.java:1267)
[18:08:54] [Server thread/WARN]: 	at net.minecraft.server.MinecraftServer.lambda$spin$2(MinecraftServer.java:388)
[18:08:54] [Server thread/WARN]: 	at java.base/java.lang.Thread.run(Thread.java:1447)
[18:08:54] [Server thread/WARN]: java.lang.IllegalArgumentException: Can not set double field net.citizensnpcs.trait.LookClose.range to java.lang.String
[18:08:54] [Server thread/WARN]: 	at java.base/jdk.internal.reflect.FieldAccessorImpl.throwSetIllegalArgumentException(FieldAccessorImpl.java:223)
[18:08:54] [Server thread/WARN]: 	at java.base/jdk.internal.reflect.FieldAccessorImpl.throwSetIllegalArgumentException(FieldAccessorImpl.java:227)
[18:08:54] [Server thread/WARN]: 	at java.base/jdk.internal.reflect.MethodHandleDoubleFieldAccessorImpl.set(MethodHandleDoubleFieldAccessorImpl.java:136)
[18:08:54] [Server thread/WARN]: 	at java.base/java.lang.reflect.Field.set(Field.java:832)
[18:08:54] [Server thread/WARN]: 	at Citizens-2.0.42-b4186.jar//net.citizensnpcs.api.persistence.PersistenceLoader$PersistField.set(PersistenceLoader.java:145)
[18:08:54] [Server thread/WARN]: 	at Citizens-2.0.42-b4186.jar//net.citizensnpcs.api.persistence.PersistenceLoader.deserialise(PersistenceLoader.java:292)
[18:08:54] [Server thread/WARN]: 	at Citizens-2.0.42-b4186.jar//net.citizensnpcs.api.persistence.PersistenceLoader.load(PersistenceLoader.java:539)
[18:08:54] [Server thread/WARN]: 	at Citizens-2.0.42-b4186.jar//net.citizensnpcs.api.npc.AbstractNPC.loadTraitFromKey(AbstractNPC.java:313)
[18:08:54] [Server thread/WARN]: 	at Citizens-2.0.42-b4186.jar//net.citizensnpcs.api.npc.AbstractNPC.load(AbstractNPC.java:291)
[18:08:54] [Server thread/WARN]: 	at Citizens-2.0.42-b4186.jar//net.citizensnpcs.npc.CitizensNPC.load(CitizensNPC.java:188)
[18:08:54] [Server thread/WARN]: 	at Citizens-2.0.42-b4186.jar//net.citizensnpcs.api.npc.SimpleNPCDataStore.loadInto(SimpleNPCDataStore.java:80)
[18:08:54] [Server thread/WARN]: 	at Citizens-2.0.42-b4186.jar//net.citizensnpcs.Citizens$CitizensLoadTask.run(Citizens.java:682)
[18:08:54] [Server thread/WARN]: 	at org.bukkit.craftbukkit.scheduler.CraftTask.run(CraftTask.java:78)
[18:08:54] [Server thread/WARN]: 	at org.bukkit.craftbukkit.scheduler.CraftScheduler.mainThreadHeartbeat(CraftScheduler.java:474)
[18:08:54] [Server thread/WARN]: 	at net.minecraft.server.MinecraftServer.runServer(MinecraftServer.java:1267)
[18:08:54] [Server thread/WARN]: 	at net.minecraft.server.MinecraftServer.lambda$spin$2(MinecraftServer.java:388)
[18:08:54] [Server thread/WARN]: 	at java.base/java.lang.Thread.run(Thread.java:1447)
[18:08:54] [Server thread/WARN]: java.lang.IllegalArgumentException: Can not set double field net.citizensnpcs.trait.LookClose.range to java.lang.String
[18:08:54] [Server thread/WARN]: 	at java.base/jdk.internal.reflect.FieldAccessorImpl.throwSetIllegalArgumentException(FieldAccessorImpl.java:223)
[18:08:54] [Server thread/WARN]: 	at java.base/jdk.internal.reflect.FieldAccessorImpl.throwSetIllegalArgumentException(FieldAccessorImpl.java:227)
[18:08:54] [Server thread/WARN]: 	at java.base/jdk.internal.reflect.MethodHandleDoubleFieldAccessorImpl.set(MethodHandleDoubleFieldAccessorImpl.java:136)
[18:08:54] [Server thread/WARN]: 	at java.base/java.lang.reflect.Field.set(Field.java:832)
[18:08:54] [Server thread/WARN]: 	at Citizens-2.0.42-b4186.jar//net.citizensnpcs.api.persistence.PersistenceLoader$PersistField.set(PersistenceLoader.java:145)
[18:08:54] [Server thread/WARN]: 	at Citizens-2.0.42-b4186.jar//net.citizensnpcs.api.persistence.PersistenceLoader.deserialise(PersistenceLoader.java:292)
[18:08:54] [Server thread/WARN]: 	at Citizens-2.0.42-b4186.jar//net.citizensnpcs.api.persistence.PersistenceLoader.load(PersistenceLoader.java:539)
[18:08:54] [Server thread/WARN]: 	at Citizens-2.0.42-b4186.jar//net.citizensnpcs.api.npc.AbstractNPC.loadTraitFromKey(AbstractNPC.java:313)
[18:08:54] [Server thread/WARN]: 	at Citizens-2.0.42-b4186.jar//net.citizensnpcs.api.npc.AbstractNPC.load(AbstractNPC.java:291)
[18:08:54] [Server thread/WARN]: 	at Citizens-2.0.42-b4186.jar//net.citizensnpcs.npc.CitizensNPC.load(CitizensNPC.java:188)
[18:08:54] [Server thread/WARN]: 	at Citizens-2.0.42-b4186.jar//net.citizensnpcs.api.npc.SimpleNPCDataStore.loadInto(SimpleNPCDataStore.java:80)
[18:08:54] [Server thread/WARN]: 	at Citizens-2.0.42-b4186.jar//net.citizensnpcs.Citizens$CitizensLoadTask.run(Citizens.java:682)
[18:08:54] [Server thread/WARN]: 	at org.bukkit.craftbukkit.scheduler.CraftTask.run(CraftTask.java:78)
[18:08:54] [Server thread/WARN]: 	at org.bukkit.craftbukkit.scheduler.CraftScheduler.mainThreadHeartbeat(CraftScheduler.java:474)
[18:08:54] [Server thread/WARN]: 	at net.minecraft.server.MinecraftServer.runServer(MinecraftServer.java:1267)
[18:08:54] [Server thread/WARN]: 	at net.minecraft.server.MinecraftServer.lambda$spin$2(MinecraftServer.java:388)
[18:08:54] [Server thread/WARN]: 	at java.base/java.lang.Thread.run(Thread.java:1447)
[18:08:55] [Server thread/WARN]: java.lang.IllegalArgumentException: Can not set double field net.citizensnpcs.trait.LookClose.range to java.lang.String
[18:08:55] [Server thread/WARN]: 	at java.base/jdk.internal.reflect.FieldAccessorImpl.throwSetIllegalArgumentException(FieldAccessorImpl.java:223)
[18:08:55] [Server thread/WARN]: 	at java.base/jdk.internal.reflect.FieldAccessorImpl.throwSetIllegalArgumentException(FieldAccessorImpl.java:227)
[18:08:55] [Server thread/WARN]: 	at java.base/jdk.internal.reflect.MethodHandleDoubleFieldAccessorImpl.set(MethodHandleDoubleFieldAccessorImpl.java:136)
[18:08:55] [Server thread/WARN]: 	at java.base/java.lang.reflect.Field.set(Field.java:832)
[18:08:55] [Server thread/WARN]: 	at Citizens-2.0.42-b4186.jar//net.citizensnpcs.api.persistence.PersistenceLoader$PersistField.set(PersistenceLoader.java:145)
[18:08:55] [Server thread/WARN]: 	at Citizens-2.0.42-b4186.jar//net.citizensnpcs.api.persistence.PersistenceLoader.deserialise(PersistenceLoader.java:292)
[18:08:55] [Server thread/WARN]: 	at Citizens-2.0.42-b4186.jar//net.citizensnpcs.api.persistence.PersistenceLoader.load(PersistenceLoader.java:539)
[18:08:55] [Server thread/WARN]: 	at Citizens-2.0.42-b4186.jar//net.citizensnpcs.api.npc.AbstractNPC.loadTraitFromKey(AbstractNPC.java:313)
[18:08:55] [Server thread/WARN]: 	at Citizens-2.0.42-b4186.jar//net.citizensnpcs.api.npc.AbstractNPC.load(AbstractNPC.java:291)
[18:08:55] [Server thread/WARN]: 	at Citizens-2.0.42-b4186.jar//net.citizensnpcs.npc.CitizensNPC.load(CitizensNPC.java:188)
[18:08:55] [Server thread/WARN]: 	at Citizens-2.0.42-b4186.jar//net.citizensnpcs.api.npc.SimpleNPCDataStore.loadInto(SimpleNPCDataStore.java:80)
[18:08:55] [Server thread/WARN]: 	at Citizens-2.0.42-b4186.jar//net.citizensnpcs.Citizens$CitizensLoadTask.run(Citizens.java:682)
[18:08:55] [Server thread/WARN]: 	at org.bukkit.craftbukkit.scheduler.CraftTask.run(CraftTask.java:78)
[18:08:55] [Server thread/WARN]: 	at org.bukkit.craftbukkit.scheduler.CraftScheduler.mainThreadHeartbeat(CraftScheduler.java:474)
[18:08:55] [Server thread/WARN]: 	at net.minecraft.server.MinecraftServer.runServer(MinecraftServer.java:1267)
[18:08:55] [Server thread/WARN]: 	at net.minecraft.server.MinecraftServer.lambda$spin$2(MinecraftServer.java:388)
[18:08:55] [Server thread/WARN]: 	at java.base/java.lang.Thread.run(Thread.java:1447)
[18:08:55] [Server thread/WARN]: java.lang.IllegalArgumentException: Can not set double field net.citizensnpcs.trait.LookClose.range to java.lang.String
[18:08:55] [Server thread/WARN]: 	at java.base/jdk.internal.reflect.FieldAccessorImpl.throwSetIllegalArgumentException(FieldAccessorImpl.java:223)
[18:08:55] [Server thread/WARN]: 	at java.base/jdk.internal.reflect.FieldAccessorImpl.throwSetIllegalArgumentException(FieldAccessorImpl.java:227)
[18:08:55] [Server thread/WARN]: 	at java.base/jdk.internal.reflect.MethodHandleDoubleFieldAccessorImpl.set(MethodHandleDoubleFieldAccessorImpl.java:136)
[18:08:55] [Server thread/WARN]: 	at java.base/java.lang.reflect.Field.set(Field.java:832)
[18:08:55] [Server thread/WARN]: 	at Citizens-2.0.42-b4186.jar//net.citizensnpcs.api.persistence.PersistenceLoader$PersistField.set(PersistenceLoader.java:145)
[18:08:55] [Server thread/WARN]: 	at Citizens-2.0.42-b4186.jar//net.citizensnpcs.api.persistence.PersistenceLoader.deserialise(PersistenceLoader.java:292)
[18:08:55] [Server thread/WARN]: 	at Citizens-2.0.42-b4186.jar//net.citizensnpcs.api.persistence.PersistenceLoader.load(PersistenceLoader.java:539)
[18:08:55] [Server thread/WARN]: 	at Citizens-2.0.42-b4186.jar//net.citizensnpcs.api.npc.AbstractNPC.loadTraitFromKey(AbstractNPC.java:313)
[18:08:55] [Server thread/WARN]: 	at Citizens-2.0.42-b4186.jar//net.citizensnpcs.api.npc.AbstractNPC.load(AbstractNPC.java:291)
[18:08:55] [Server thread/WARN]: 	at Citizens-2.0.42-b4186.jar//net.citizensnpcs.npc.CitizensNPC.load(CitizensNPC.java:188)
[18:08:55] [Server thread/WARN]: 	at Citizens-2.0.42-b4186.jar//net.citizensnpcs.api.npc.SimpleNPCDataStore.loadInto(SimpleNPCDataStore.java:80)
[18:08:55] [Server thread/WARN]: 	at Citizens-2.0.42-b4186.jar//net.citizensnpcs.Citizens$CitizensLoadTask.run(Citizens.java:682)
[18:08:55] [Server thread/WARN]: 	at org.bukkit.craftbukkit.scheduler.CraftTask.run(CraftTask.java:78)
[18:08:55] [Server thread/WARN]: 	at org.bukkit.craftbukkit.scheduler.CraftScheduler.mainThreadHeartbeat(CraftScheduler.java:474)
[18:08:55] [Server thread/WARN]: 	at net.minecraft.server.MinecraftServer.runServer(MinecraftServer.java:1267)
[18:08:55] [Server thread/WARN]: 	at net.minecraft.server.MinecraftServer.lambda$spin$2(MinecraftServer.java:388)
[18:08:55] [Server thread/WARN]: 	at java.base/java.lang.Thread.run(Thread.java:1447)
[18:08:55] [Server thread/WARN]: java.lang.IllegalArgumentException: Can not set double field net.citizensnpcs.trait.LookClose.range to java.lang.String
[18:08:55] [Server thread/WARN]: 	at java.base/jdk.internal.reflect.FieldAccessorImpl.throwSetIllegalArgumentException(FieldAccessorImpl.java:223)
[18:08:55] [Server thread/WARN]: 	at java.base/jdk.internal.reflect.FieldAccessorImpl.throwSetIllegalArgumentException(FieldAccessorImpl.java:227)
[18:08:55] [Server thread/WARN]: 	at java.base/jdk.internal.reflect.MethodHandleDoubleFieldAccessorImpl.set(MethodHandleDoubleFieldAccessorImpl.java:136)
[18:08:55] [Server thread/WARN]: 	at java.base/java.lang.reflect.Field.set(Field.java:832)
[18:08:55] [Server thread/WARN]: 	at Citizens-2.0.42-b4186.jar//net.citizensnpcs.api.persistence.PersistenceLoader$PersistField.set(PersistenceLoader.java:145)
[18:08:55] [Server thread/WARN]: 	at Citizens-2.0.42-b4186.jar//net.citizensnpcs.api.persistence.PersistenceLoader.deserialise(PersistenceLoader.java:292)
[18:08:55] [Server thread/WARN]: 	at Citizens-2.0.42-b4186.jar//net.citizensnpcs.api.persistence.PersistenceLoader.load(PersistenceLoader.java:539)
[18:08:55] [Server thread/WARN]: 	at Citizens-2.0.42-b4186.jar//net.citizensnpcs.api.npc.AbstractNPC.loadTraitFromKey(AbstractNPC.java:313)
[18:08:55] [Server thread/WARN]: 	at Citizens-2.0.42-b4186.jar//net.citizensnpcs.api.npc.AbstractNPC.load(AbstractNPC.java:291)
[18:08:55] [Server thread/WARN]: 	at Citizens-2.0.42-b4186.jar//net.citizensnpcs.npc.CitizensNPC.load(CitizensNPC.java:188)
[18:08:55] [Server thread/WARN]: 	at Citizens-2.0.42-b4186.jar//net.citizensnpcs.api.npc.SimpleNPCDataStore.loadInto(SimpleNPCDataStore.java:80)
[18:08:55] [Server thread/WARN]: 	at Citizens-2.0.42-b4186.jar//net.citizensnpcs.Citizens$CitizensLoadTask.run(Citizens.java:682)
[18:08:55] [Server thread/WARN]: 	at org.bukkit.craftbukkit.scheduler.CraftTask.run(CraftTask.java:78)
[18:08:55] [Server thread/WARN]: 	at org.bukkit.craftbukkit.scheduler.CraftScheduler.mainThreadHeartbeat(CraftScheduler.java:474)
[18:08:55] [Server thread/WARN]: 	at net.minecraft.server.MinecraftServer.runServer(MinecraftServer.java:1267)
[18:08:55] [Server thread/WARN]: 	at net.minecraft.server.MinecraftServer.lambda$spin$2(MinecraftServer.java:388)
[18:08:55] [Server thread/WARN]: 	at java.base/java.lang.Thread.run(Thread.java:1447)
[18:08:55] [Server thread/WARN]: java.lang.IllegalArgumentException: Can not set double field net.citizensnpcs.trait.LookClose.range to java.lang.String
[18:08:55] [Server thread/WARN]: 	at java.base/jdk.internal.reflect.FieldAccessorImpl.throwSetIllegalArgumentException(FieldAccessorImpl.java:223)
[18:08:55] [Server thread/WARN]: 	at java.base/jdk.internal.reflect.FieldAccessorImpl.throwSetIllegalArgumentException(FieldAccessorImpl.java:227)
[18:08:55] [Server thread/WARN]: 	at java.base/jdk.internal.reflect.MethodHandleDoubleFieldAccessorImpl.set(MethodHandleDoubleFieldAccessorImpl.java:136)
[18:08:55] [Server thread/WARN]: 	at java.base/java.lang.reflect.Field.set(Field.java:832)
[18:08:55] [Server thread/WARN]: 	at Citizens-2.0.42-b4186.jar//net.citizensnpcs.api.persistence.PersistenceLoader$PersistField.set(PersistenceLoader.java:145)
[18:08:55] [Server thread/WARN]: 	at Citizens-2.0.42-b4186.jar//net.citizensnpcs.api.persistence.PersistenceLoader.deserialise(PersistenceLoader.java:292)
[18:08:55] [Server thread/WARN]: 	at Citizens-2.0.42-b4186.jar//net.citizensnpcs.api.persistence.PersistenceLoader.load(PersistenceLoader.java:539)
[18:08:55] [Server thread/WARN]: 	at Citizens-2.0.42-b4186.jar//net.citizensnpcs.api.npc.AbstractNPC.loadTraitFromKey(AbstractNPC.java:313)
[18:08:55] [Server thread/WARN]: 	at Citizens-2.0.42-b4186.jar//net.citizensnpcs.api.npc.AbstractNPC.load(AbstractNPC.java:291)
[18:08:55] [Server thread/WARN]: 	at Citizens-2.0.42-b4186.jar//net.citizensnpcs.npc.CitizensNPC.load(CitizensNPC.java:188)
[18:08:55] [Server thread/WARN]: 	at Citizens-2.0.42-b4186.jar//net.citizensnpcs.api.npc.SimpleNPCDataStore.loadInto(SimpleNPCDataStore.java:80)
[18:08:55] [Server thread/WARN]: 	at Citizens-2.0.42-b4186.jar//net.citizensnpcs.Citizens$CitizensLoadTask.run(Citizens.java:682)
[18:08:55] [Server thread/WARN]: 	at org.bukkit.craftbukkit.scheduler.CraftTask.run(CraftTask.java:78)
[18:08:55] [Server thread/WARN]: 	at org.bukkit.craftbukkit.scheduler.CraftScheduler.mainThreadHeartbeat(CraftScheduler.java:474)
[18:08:55] [Server thread/WARN]: 	at net.minecraft.server.MinecraftServer.runServer(MinecraftServer.java:1267)
[18:08:55] [Server thread/WARN]: 	at net.minecraft.server.MinecraftServer.lambda$spin$2(MinecraftServer.java:388)
[18:08:55] [Server thread/WARN]: 	at java.base/java.lang.Thread.run(Thread.java:1447)
[18:08:55] [Server thread/WARN]: java.lang.IllegalArgumentException: Can not set double field net.citizensnpcs.trait.LookClose.range to java.lang.String
[18:08:55] [Server thread/WARN]: 	at java.base/jdk.internal.reflect.FieldAccessorImpl.throwSetIllegalArgumentException(FieldAccessorImpl.java:223)
[18:08:55] [Server thread/WARN]: 	at java.base/jdk.internal.reflect.FieldAccessorImpl.throwSetIllegalArgumentException(FieldAccessorImpl.java:227)
[18:08:55] [Server thread/WARN]: 	at java.base/jdk.internal.reflect.MethodHandleDoubleFieldAccessorImpl.set(MethodHandleDoubleFieldAccessorImpl.java:136)
[18:08:55] [Server thread/WARN]: 	at java.base/java.lang.reflect.Field.set(Field.java:832)
[18:08:55] [Server thread/WARN]: 	at Citizens-2.0.42-b4186.jar//net.citizensnpcs.api.persistence.PersistenceLoader$PersistField.set(PersistenceLoader.java:145)
[18:08:55] [Server thread/WARN]: 	at Citizens-2.0.42-b4186.jar//net.citizensnpcs.api.persistence.PersistenceLoader.deserialise(PersistenceLoader.java:292)
[18:08:55] [Server thread/WARN]: 	at Citizens-2.0.42-b4186.jar//net.citizensnpcs.api.persistence.PersistenceLoader.load(PersistenceLoader.java:539)
[18:08:55] [Server thread/WARN]: 	at Citizens-2.0.42-b4186.jar//net.citizensnpcs.api.npc.AbstractNPC.loadTraitFromKey(AbstractNPC.java:313)
[18:08:55] [Server thread/WARN]: 	at Citizens-2.0.42-b4186.jar//net.citizensnpcs.api.npc.AbstractNPC.load(AbstractNPC.java:291)
[18:08:55] [Server thread/WARN]: 	at Citizens-2.0.42-b4186.jar//net.citizensnpcs.npc.CitizensNPC.load(CitizensNPC.java:188)
[18:08:55] [Server thread/WARN]: 	at Citizens-2.0.42-b4186.jar//net.citizensnpcs.api.npc.SimpleNPCDataStore.loadInto(SimpleNPCDataStore.java:80)
[18:08:55] [Server thread/WARN]: 	at Citizens-2.0.42-b4186.jar//net.citizensnpcs.Citizens$CitizensLoadTask.run(Citizens.java:682)
[18:08:55] [Server thread/WARN]: 	at org.bukkit.craftbukkit.scheduler.CraftTask.run(CraftTask.java:78)
[18:08:55] [Server thread/WARN]: 	at org.bukkit.craftbukkit.scheduler.CraftScheduler.mainThreadHeartbeat(CraftScheduler.java:474)
[18:08:55] [Server thread/WARN]: 	at net.minecraft.server.MinecraftServer.runServer(MinecraftServer.java:1267)
[18:08:55] [Server thread/WARN]: 	at net.minecraft.server.MinecraftServer.lambda$spin$2(MinecraftServer.java:388)
[18:08:55] [Server thread/WARN]: 	at java.base/java.lang.Thread.run(Thread.java:1447)
[18:08:55] [Server thread/WARN]: java.lang.IllegalArgumentException: Can not set double field net.citizensnpcs.trait.LookClose.range to java.lang.String
[18:08:55] [Server thread/WARN]: 	at java.base/jdk.internal.reflect.FieldAccessorImpl.throwSetIllegalArgumentException(FieldAccessorImpl.java:223)
[18:08:55] [Server thread/WARN]: 	at java.base/jdk.internal.reflect.FieldAccessorImpl.throwSetIllegalArgumentException(FieldAccessorImpl.java:227)
[18:08:55] [Server thread/WARN]: 	at java.base/jdk.internal.reflect.MethodHandleDoubleFieldAccessorImpl.set(MethodHandleDoubleFieldAccessorImpl.java:136)
[18:08:55] [Server thread/WARN]: 	at java.base/java.lang.reflect.Field.set(Field.java:832)
[18:08:55] [Server thread/WARN]: 	at Citizens-2.0.42-b4186.jar//net.citizensnpcs.api.persistence.PersistenceLoader$PersistField.set(PersistenceLoader.java:145)
[18:08:55] [Server thread/WARN]: 	at Citizens-2.0.42-b4186.jar//net.citizensnpcs.api.persistence.PersistenceLoader.deserialise(PersistenceLoader.java:292)
[18:08:55] [Server thread/WARN]: 	at Citizens-2.0.42-b4186.jar//net.citizensnpcs.api.persistence.PersistenceLoader.load(PersistenceLoader.java:539)
[18:08:55] [Server thread/WARN]: 	at Citizens-2.0.42-b4186.jar//net.citizensnpcs.api.npc.AbstractNPC.loadTraitFromKey(AbstractNPC.java:313)
[18:08:55] [Server thread/WARN]: 	at Citizens-2.0.42-b4186.jar//net.citizensnpcs.api.npc.AbstractNPC.load(AbstractNPC.java:291)
[18:08:55] [Server thread/WARN]: 	at Citizens-2.0.42-b4186.jar//net.citizensnpcs.npc.CitizensNPC.load(CitizensNPC.java:188)
[18:08:55] [Server thread/WARN]: 	at Citizens-2.0.42-b4186.jar//net.citizensnpcs.api.npc.SimpleNPCDataStore.loadInto(SimpleNPCDataStore.java:80)
[18:08:55] [Server thread/WARN]: 	at Citizens-2.0.42-b4186.jar//net.citizensnpcs.Citizens$CitizensLoadTask.run(Citizens.java:682)
[18:08:55] [Server thread/WARN]: 	at org.bukkit.craftbukkit.scheduler.CraftTask.run(CraftTask.java:78)
[18:08:55] [Server thread/WARN]: 	at org.bukkit.craftbukkit.scheduler.CraftScheduler.mainThreadHeartbeat(CraftScheduler.java:474)
[18:08:55] [Server thread/WARN]: 	at net.minecraft.server.MinecraftServer.runServer(MinecraftServer.java:1267)
[18:08:55] [Server thread/WARN]: 	at net.minecraft.server.MinecraftServer.lambda$spin$2(MinecraftServer.java:388)
[18:08:55] [Server thread/WARN]: 	at java.base/java.lang.Thread.run(Thread.java:1447)
[18:08:55] [Server thread/WARN]: java.lang.IllegalArgumentException: Can not set double field net.citizensnpcs.trait.LookClose.range to java.lang.String
[18:08:55] [Server thread/WARN]: 	at java.base/jdk.internal.reflect.FieldAccessorImpl.throwSetIllegalArgumentException(FieldAccessorImpl.java:223)
[18:08:55] [Server thread/WARN]: 	at java.base/jdk.internal.reflect.FieldAccessorImpl.throwSetIllegalArgumentException(FieldAccessorImpl.java:227)
[18:08:55] [Server thread/WARN]: 	at java.base/jdk.internal.reflect.MethodHandleDoubleFieldAccessorImpl.set(MethodHandleDoubleFieldAccessorImpl.java:136)
[18:08:55] [Server thread/WARN]: 	at java.base/java.lang.reflect.Field.set(Field.java:832)
[18:08:55] [Server thread/WARN]: 	at Citizens-2.0.42-b4186.jar//net.citizensnpcs.api.persistence.PersistenceLoader$PersistField.set(PersistenceLoader.java:145)
[18:08:55] [Server thread/WARN]: 	at Citizens-2.0.42-b4186.jar//net.citizensnpcs.api.persistence.PersistenceLoader.deserialise(PersistenceLoader.java:292)
[18:08:55] [Server thread/WARN]: 	at Citizens-2.0.42-b4186.jar//net.citizensnpcs.api.persistence.PersistenceLoader.load(PersistenceLoader.java:539)
[18:08:55] [Server thread/WARN]: 	at Citizens-2.0.42-b4186.jar//net.citizensnpcs.api.npc.AbstractNPC.loadTraitFromKey(AbstractNPC.java:313)
[18:08:55] [Server thread/WARN]: 	at Citizens-2.0.42-b4186.jar//net.citizensnpcs.api.npc.AbstractNPC.load(AbstractNPC.java:291)
[18:08:55] [Server thread/WARN]: 	at Citizens-2.0.42-b4186.jar//net.citizensnpcs.npc.CitizensNPC.load(CitizensNPC.java:188)
[18:08:55] [Server thread/WARN]: 	at Citizens-2.0.42-b4186.jar//net.citizensnpcs.api.npc.SimpleNPCDataStore.loadInto(SimpleNPCDataStore.java:80)
[18:08:55] [Server thread/WARN]: 	at Citizens-2.0.42-b4186.jar//net.citizensnpcs.Citizens$CitizensLoadTask.run(Citizens.java:682)
[18:08:55] [Server thread/WARN]: 	at org.bukkit.craftbukkit.scheduler.CraftTask.run(CraftTask.java:78)
[18:08:55] [Server thread/WARN]: 	at org.bukkit.craftbukkit.scheduler.CraftScheduler.mainThreadHeartbeat(CraftScheduler.java:474)
[18:08:55] [Server thread/WARN]: 	at net.minecraft.server.MinecraftServer.runServer(MinecraftServer.java:1267)
[18:08:55] [Server thread/WARN]: 	at net.minecraft.server.MinecraftServer.lambda$spin$2(MinecraftServer.java:388)
[18:08:55] [Server thread/WARN]: 	at java.base/java.lang.Thread.run(Thread.java:1447)
[18:08:55] [Server thread/WARN]: java.lang.IllegalArgumentException: Can not set double field net.citizensnpcs.trait.LookClose.range to java.lang.String
[18:08:55] [Server thread/WARN]: 	at java.base/jdk.internal.reflect.FieldAccessorImpl.throwSetIllegalArgumentException(FieldAccessorImpl.java:223)
[18:08:55] [Server thread/WARN]: 	at java.base/jdk.internal.reflect.FieldAccessorImpl.throwSetIllegalArgumentException(FieldAccessorImpl.java:227)
[18:08:55] [Server thread/WARN]: 	at java.base/jdk.internal.reflect.MethodHandleDoubleFieldAccessorImpl.set(MethodHandleDoubleFieldAccessorImpl.java:136)
[18:08:55] [Server thread/WARN]: 	at java.base/java.lang.reflect.Field.set(Field.java:832)
[18:08:55] [Server thread/WARN]: 	at Citizens-2.0.42-b4186.jar//net.citizensnpcs.api.persistence.PersistenceLoader$PersistField.set(PersistenceLoader.java:145)
[18:08:55] [Server thread/WARN]: 	at Citizens-2.0.42-b4186.jar//net.citizensnpcs.api.persistence.PersistenceLoader.deserialise(PersistenceLoader.java:292)
[18:08:55] [Server thread/WARN]: 	at Citizens-2.0.42-b4186.jar//net.citizensnpcs.api.persistence.PersistenceLoader.load(PersistenceLoader.java:539)
[18:08:55] [Server thread/WARN]: 	at Citizens-2.0.42-b4186.jar//net.citizensnpcs.api.npc.AbstractNPC.loadTraitFromKey(AbstractNPC.java:313)
[18:08:55] [Server thread/WARN]: 	at Citizens-2.0.42-b4186.jar//net.citizensnpcs.api.npc.AbstractNPC.load(AbstractNPC.java:291)
[18:08:55] [Server thread/WARN]: 	at Citizens-2.0.42-b4186.jar//net.citizensnpcs.npc.CitizensNPC.load(CitizensNPC.java:188)
[18:08:55] [Server thread/WARN]: 	at Citizens-2.0.42-b4186.jar//net.citizensnpcs.api.npc.SimpleNPCDataStore.loadInto(SimpleNPCDataStore.java:80)
[18:08:55] [Server thread/WARN]: 	at Citizens-2.0.42-b4186.jar//net.citizensnpcs.Citizens$CitizensLoadTask.run(Citizens.java:682)
[18:08:55] [Server thread/WARN]: 	at org.bukkit.craftbukkit.scheduler.CraftTask.run(CraftTask.java:78)
[18:08:55] [Server thread/WARN]: 	at org.bukkit.craftbukkit.scheduler.CraftScheduler.mainThreadHeartbeat(CraftScheduler.java:474)
[18:08:55] [Server thread/WARN]: 	at net.minecraft.server.MinecraftServer.runServer(MinecraftServer.java:1267)
[18:08:55] [Server thread/WARN]: 	at net.minecraft.server.MinecraftServer.lambda$spin$2(MinecraftServer.java:388)
[18:08:55] [Server thread/WARN]: 	at java.base/java.lang.Thread.run(Thread.java:1447)
[18:08:55] [Server thread/WARN]: java.lang.IllegalArgumentException: Can not set double field net.citizensnpcs.trait.LookClose.range to java.lang.String
[18:08:55] [Server thread/WARN]: 	at java.base/jdk.internal.reflect.FieldAccessorImpl.throwSetIllegalArgumentException(FieldAccessorImpl.java:223)
[18:08:55] [Server thread/WARN]: 	at java.base/jdk.internal.reflect.FieldAccessorImpl.throwSetIllegalArgumentException(FieldAccessorImpl.java:227)
[18:08:55] [Server thread/WARN]: 	at java.base/jdk.internal.reflect.MethodHandleDoubleFieldAccessorImpl.set(MethodHandleDoubleFieldAccessorImpl.java:136)
[18:08:55] [Server thread/WARN]: 	at java.base/java.lang.reflect.Field.set(Field.java:832)
[18:08:55] [Server thread/WARN]: 	at Citizens-2.0.42-b4186.jar//net.citizensnpcs.api.persistence.PersistenceLoader$PersistField.set(PersistenceLoader.java:145)
[18:08:55] [Server thread/WARN]: 	at Citizens-2.0.42-b4186.jar//net.citizensnpcs.api.persistence.PersistenceLoader.deserialise(PersistenceLoader.java:292)
[18:08:55] [Server thread/WARN]: 	at Citizens-2.0.42-b4186.jar//net.citizensnpcs.api.persistence.PersistenceLoader.load(PersistenceLoader.java:539)
[18:08:55] [Server thread/WARN]: 	at Citizens-2.0.42-b4186.jar//net.citizensnpcs.api.npc.AbstractNPC.loadTraitFromKey(AbstractNPC.java:313)
[18:08:55] [Server thread/WARN]: 	at Citizens-2.0.42-b4186.jar//net.citizensnpcs.api.npc.AbstractNPC.load(AbstractNPC.java:291)
[18:08:55] [Server thread/WARN]: 	at Citizens-2.0.42-b4186.jar//net.citizensnpcs.npc.CitizensNPC.load(CitizensNPC.java:188)
[18:08:55] [Server thread/WARN]: 	at Citizens-2.0.42-b4186.jar//net.citizensnpcs.api.npc.SimpleNPCDataStore.loadInto(SimpleNPCDataStore.java:80)
[18:08:55] [Server thread/WARN]: 	at Citizens-2.0.42-b4186.jar//net.citizensnpcs.Citizens$CitizensLoadTask.run(Citizens.java:682)
[18:08:55] [Server thread/WARN]: 	at org.bukkit.craftbukkit.scheduler.CraftTask.run(CraftTask.java:78)
[18:08:55] [Server thread/WARN]: 	at org.bukkit.craftbukkit.scheduler.CraftScheduler.mainThreadHeartbeat(CraftScheduler.java:474)
[18:08:55] [Server thread/WARN]: 	at net.minecraft.server.MinecraftServer.runServer(MinecraftServer.java:1267)
[18:08:55] [Server thread/WARN]: 	at net.minecraft.server.MinecraftServer.lambda$spin$2(MinecraftServer.java:388)
[18:08:55] [Server thread/WARN]: 	at java.base/java.lang.Thread.run(Thread.java:1447)
[18:08:55] [Server thread/WARN]: java.lang.IllegalArgumentException: Can not set double field net.citizensnpcs.trait.LookClose.range to java.lang.String
[18:08:55] [Server thread/WARN]: 	at java.base/jdk.internal.reflect.FieldAccessorImpl.throwSetIllegalArgumentException(FieldAccessorImpl.java:223)
[18:08:55] [Server thread/WARN]: 	at java.base/jdk.internal.reflect.FieldAccessorImpl.throwSetIllegalArgumentException(FieldAccessorImpl.java:227)
[18:08:55] [Server thread/WARN]: 	at java.base/jdk.internal.reflect.MethodHandleDoubleFieldAccessorImpl.set(MethodHandleDoubleFieldAccessorImpl.java:136)
[18:08:55] [Server thread/WARN]: 	at java.base/java.lang.reflect.Field.set(Field.java:832)
[18:08:55] [Server thread/WARN]: 	at Citizens-2.0.42-b4186.jar//net.citizensnpcs.api.persistence.PersistenceLoader$PersistField.set(PersistenceLoader.java:145)
[18:08:55] [Server thread/WARN]: 	at Citizens-2.0.42-b4186.jar//net.citizensnpcs.api.persistence.PersistenceLoader.deserialise(PersistenceLoader.java:292)
[18:08:55] [Server thread/WARN]: 	at Citizens-2.0.42-b4186.jar//net.citizensnpcs.api.persistence.PersistenceLoader.load(PersistenceLoader.java:539)
[18:08:55] [Server thread/WARN]: 	at Citizens-2.0.42-b4186.jar//net.citizensnpcs.api.npc.AbstractNPC.loadTraitFromKey(AbstractNPC.java:313)
[18:08:55] [Server thread/WARN]: 	at Citizens-2.0.42-b4186.jar//net.citizensnpcs.api.npc.AbstractNPC.load(AbstractNPC.java:291)
[18:08:55] [Server thread/WARN]: 	at Citizens-2.0.42-b4186.jar//net.citizensnpcs.npc.CitizensNPC.load(CitizensNPC.java:188)
[18:08:55] [Server thread/WARN]: 	at Citizens-2.0.42-b4186.jar//net.citizensnpcs.api.npc.SimpleNPCDataStore.loadInto(SimpleNPCDataStore.java:80)
[18:08:55] [Server thread/WARN]: 	at Citizens-2.0.42-b4186.jar//net.citizensnpcs.Citizens$CitizensLoadTask.run(Citizens.java:682)
[18:08:55] [Server thread/WARN]: 	at org.bukkit.craftbukkit.scheduler.CraftTask.run(CraftTask.java:78)
[18:08:55] [Server thread/WARN]: 	at org.bukkit.craftbukkit.scheduler.CraftScheduler.mainThreadHeartbeat(CraftScheduler.java:474)
[18:08:55] [Server thread/WARN]: 	at net.minecraft.server.MinecraftServer.runServer(MinecraftServer.java:1267)
[18:08:55] [Server thread/WARN]: 	at net.minecraft.server.MinecraftServer.lambda$spin$2(MinecraftServer.java:388)
[18:08:55] [Server thread/WARN]: 	at java.base/java.lang.Thread.run(Thread.java:1447)
[18:08:58] [Craft Scheduler Thread - 15 - HoloMobHealth/INFO]: [HoloMobHealth] Loaded all 1 languages!
[18:08:58] [Server thread/WARN]: java.lang.IllegalArgumentException: Can not set double field net.citizensnpcs.trait.LookClose.range to java.lang.String
[18:08:58] [Server thread/WARN]: 	at java.base/jdk.internal.reflect.FieldAccessorImpl.throwSetIllegalArgumentException(FieldAccessorImpl.java:223)
[18:08:58] [Server thread/WARN]: 	at java.base/jdk.internal.reflect.FieldAccessorImpl.throwSetIllegalArgumentException(FieldAccessorImpl.java:227)
[18:08:58] [Server thread/WARN]: 	at java.base/jdk.internal.reflect.MethodHandleDoubleFieldAccessorImpl.set(MethodHandleDoubleFieldAccessorImpl.java:136)
[18:08:58] [Server thread/WARN]: 	at java.base/java.lang.reflect.Field.set(Field.java:832)
[18:08:58] [Server thread/WARN]: 	at Citizens-2.0.42-b4186.jar//net.citizensnpcs.api.persistence.PersistenceLoader$PersistField.set(PersistenceLoader.java:145)
[18:08:58] [Server thread/WARN]: 	at Citizens-2.0.42-b4186.jar//net.citizensnpcs.api.persistence.PersistenceLoader.deserialise(PersistenceLoader.java:292)
[18:08:58] [Server thread/WARN]: 	at Citizens-2.0.42-b4186.jar//net.citizensnpcs.api.persistence.PersistenceLoader.load(PersistenceLoader.java:539)
[18:08:58] [Server thread/WARN]: 	at Citizens-2.0.42-b4186.jar//net.citizensnpcs.api.npc.AbstractNPC.loadTraitFromKey(AbstractNPC.java:313)
[18:08:58] [Server thread/WARN]: 	at Citizens-2.0.42-b4186.jar//net.citizensnpcs.api.npc.AbstractNPC.load(AbstractNPC.java:291)
[18:08:58] [Server thread/WARN]: 	at Citizens-2.0.42-b4186.jar//net.citizensnpcs.npc.CitizensNPC.load(CitizensNPC.java:188)
[18:08:58] [Server thread/WARN]: 	at Citizens-2.0.42-b4186.jar//net.citizensnpcs.api.npc.SimpleNPCDataStore.loadInto(SimpleNPCDataStore.java:80)
[18:08:58] [Server thread/WARN]: 	at Citizens-2.0.42-b4186.jar//net.citizensnpcs.Citizens$CitizensLoadTask.run(Citizens.java:682)
[18:08:58] [Server thread/WARN]: 	at org.bukkit.craftbukkit.scheduler.CraftTask.run(CraftTask.java:78)
[18:08:58] [Server thread/WARN]: 	at org.bukkit.craftbukkit.scheduler.CraftScheduler.mainThreadHeartbeat(CraftScheduler.java:474)
[18:08:58] [Server thread/WARN]: 	at net.minecraft.server.MinecraftServer.runServer(MinecraftServer.java:1267)
[18:08:58] [Server thread/WARN]: 	at net.minecraft.server.MinecraftServer.lambda$spin$2(MinecraftServer.java:388)
[18:08:58] [Server thread/WARN]: 	at java.base/java.lang.Thread.run(Thread.java:1447)
[18:08:58] [Server thread/WARN]: java.lang.IllegalArgumentException: Can not set double field net.citizensnpcs.trait.LookClose.range to java.lang.String
[18:08:58] [Server thread/WARN]: 	at java.base/jdk.internal.reflect.FieldAccessorImpl.throwSetIllegalArgumentException(FieldAccessorImpl.java:223)
[18:08:58] [Server thread/WARN]: 	at java.base/jdk.internal.reflect.FieldAccessorImpl.throwSetIllegalArgumentException(FieldAccessorImpl.java:227)
[18:08:58] [Server thread/WARN]: 	at java.base/jdk.internal.reflect.MethodHandleDoubleFieldAccessorImpl.set(MethodHandleDoubleFieldAccessorImpl.java:136)
[18:08:58] [Server thread/WARN]: 	at java.base/java.lang.reflect.Field.set(Field.java:832)
[18:08:58] [Server thread/WARN]: 	at Citizens-2.0.42-b4186.jar//net.citizensnpcs.api.persistence.PersistenceLoader$PersistField.set(PersistenceLoader.java:145)
[18:08:58] [Server thread/WARN]: 	at Citizens-2.0.42-b4186.jar//net.citizensnpcs.api.persistence.PersistenceLoader.deserialise(PersistenceLoader.java:292)
[18:08:58] [Server thread/WARN]: 	at Citizens-2.0.42-b4186.jar//net.citizensnpcs.api.persistence.PersistenceLoader.load(PersistenceLoader.java:539)
[18:08:58] [Server thread/WARN]: 	at Citizens-2.0.42-b4186.jar//net.citizensnpcs.api.npc.AbstractNPC.loadTraitFromKey(AbstractNPC.java:313)
[18:08:58] [Server thread/WARN]: 	at Citizens-2.0.42-b4186.jar//net.citizensnpcs.api.npc.AbstractNPC.load(AbstractNPC.java:291)
[18:08:58] [Server thread/WARN]: 	at Citizens-2.0.42-b4186.jar//net.citizensnpcs.npc.CitizensNPC.load(CitizensNPC.java:188)
[18:08:58] [Server thread/WARN]: 	at Citizens-2.0.42-b4186.jar//net.citizensnpcs.api.npc.SimpleNPCDataStore.loadInto(SimpleNPCDataStore.java:80)
[18:08:58] [Server thread/WARN]: 	at Citizens-2.0.42-b4186.jar//net.citizensnpcs.Citizens$CitizensLoadTask.run(Citizens.java:682)
[18:08:58] [Server thread/WARN]: 	at org.bukkit.craftbukkit.scheduler.CraftTask.run(CraftTask.java:78)
[18:08:58] [Server thread/WARN]: 	at org.bukkit.craftbukkit.scheduler.CraftScheduler.mainThreadHeartbeat(CraftScheduler.java:474)
[18:08:58] [Server thread/WARN]: 	at net.minecraft.server.MinecraftServer.runServer(MinecraftServer.java:1267)
[18:08:58] [Server thread/WARN]: 	at net.minecraft.server.MinecraftServer.lambda$spin$2(MinecraftServer.java:388)
[18:08:58] [Server thread/WARN]: 	at java.base/java.lang.Thread.run(Thread.java:1447)
[18:08:58] [Server thread/INFO]: [Citizens] Loaded 19 NPCs.
[18:08:58] [Server thread/INFO]: Duels Optimised » Registering post listeners...
[18:08:58] [Server thread/INFO]: Duels Optimised » Successfully registered listeners after plugin startup in [0ms]
[18:08:58] [Server thread/INFO]: [Skywars] Lunar Apollo bridge enabled (clients/lunar/config.yml).
[18:08:58] [Server thread/INFO]: [Auto Replant] You are using the latest version of AutoReplant!
[18:08:58] [Server thread/INFO]: Done (145.449s)! For help, type "help"
[18:08:58] [Server thread/INFO]: 0 placeholder hook(s) registered!
[18:08:59] [Paper Async Task Handler Thread - 1/WARN]: *************************************************************************************
[18:08:59] [Paper Async Task Handler Thread - 1/WARN]: You are running the latest build for your Minecraft version (1.21.11)
[18:08:59] [Paper Async Task Handler Thread - 1/WARN]: However, you are 2 release(s) behind the latest stable release (26.1.2)!
[18:08:59] [Paper Async Task Handler Thread - 1/WARN]: It is recommended that you update as soon as possible
[18:08:59] [Paper Async Task Handler Thread - 1/WARN]: https://papermc.io/downloads/paper
[18:08:59] [Paper Async Task Handler Thread - 1/WARN]: *************************************************************************************
[18:08:59] [Server thread/INFO]: [MythicMobs] Loaded 3 dialog definition(s)
[18:08:59] [Server thread/WARN]: [MythicMobs] Dialog 'QuestOffer': could not find skill 'ExampleQuestAccepted'
[18:08:59] [Server thread/WARN]: [MythicMobs] Dialog 'QuestOffer': could not find skill 'ExampleQuestDeclined'
[18:08:59] [Server thread/WARN]: [MythicMobs] Dialog 'CharacterSetup': could not find skill 'ExampleCharacterConfirmed'
[18:09:00] [Craft Scheduler Thread - 14 - Oneblock/INFO]: [Oneblock] Waiting for the initialization of the world
[18:09:00] [Craft Scheduler Thread - 14 - Oneblock/INFO]: [Oneblock] Trying to initialize the world again...
[18:09:00] [Server thread/INFO]: [Skywars] All maps loaded and ready! Server is now accepting players.
[18:09:03] [Craft Scheduler Thread - 13 - Oneblock/INFO]: [Oneblock] The initialization of the world was successful!
[18:09:04] [Craft Scheduler Thread - 13 - Skywars/INFO]: [Skywars] Update check: running latest version (v5.6.40-nightly.37+c1816bc)
[18:09:08] [Server thread/INFO]: [MyCommand] found an update for MyCommand. Type /mycommand for more infos.
